sys_id,task,task_sys_id,table,ci_item,ci_sys_id,relationship_type,sys_created_on,sys_updated_on
be4b95fbacfbccf0b011aaaccc791d1b,INC0010001,e422f751d7be2274fda15b362d9e7df2,incident,vpn-gw-01,edb61dbbc54f635f96974ee013a83cfd,Affected CI,2026-04-05 07:29:57,2026-05-22 19:05:15
2749b6eb13303b19daf65b1eb810df5e,INC0010002,e578e071f54927640b31224fa7cf0660,incident,edr-mgmt-01,42f24baa0bd2fa27132af710260f93dc,Affected CI,2026-03-26 23:06:05,2026-05-13 02:49:04
c8859f6d5ce4ebc6313625d489964595,INC0010002,e578e071f54927640b31224fa7cf0660,incident,dw-etl-01,63917d58f9aa5a1ed5a9470f082986c6,Related CI,2026-04-20 05:33:04,2026-05-18 00:16:34
0e9e1c7679076b0089610c4880630f2c,INC0010003,00d3e9528c5ac196c7df0736f4cd6506,incident,prd-sql-pay-01,b46f6537e400dc13f571a44c9b215ef0,Affected CI,2026-05-14 13:12:35,2026-05-20 13:32:02
7d1ae3d61aa180c37dbb4ab622688d28,INC0010004,20ba109edd57c908925c93d2f8eef5eb,incident,waf-edge-02,845afaca9bb03648b7986a5f0c89b163,Affected CI,2026-04-24 11:44:18,2026-04-28 11:47:22
0c96d69624e44659c9ea1d873b67f091,INC0010005,64a07482594016a22976b739bbc5945d,incident,dw-etl-01,63917d58f9aa5a1ed5a9470f082986c6,Affected CI,2026-05-19 10:07:36,2026-05-10 22:22:34
6c517303905d56def34118920fa6c38c,INC0010005,64a07482594016a22976b739bbc5945d,incident,node-claims-p-18,1fa62e7b602dfae96943c96a0d57e23e,Related CI,2026-04-24 20:34:22,2026-05-17 02:40:26
385f1702ed89d328b74cf05619081cc3,INC0010006,7992d9cb530ecca24110ab153f7592e0,incident,idp-prd-01,46c3c0bb7f6c8c28c4507ffb8fd5c53b,Affected CI,2026-02-26 13:42:45,2026-05-14 17:47:01
a85e3b59bbb82d4054379b74ebb353af,INC0010006,7992d9cb530ecca24110ab153f7592e0,incident,app-data-war-22,8063ba03b3abb3947ffd7697f2f18f65,Related CI,2026-04-07 09:32:26,2026-05-18 17:54:35
0b8ba3940f2ef3420dde836ed20d303a,INC0010007,0d1e4e8e6821b8bc1996516dc10d608e,incident,lt-erp-fina-06,64ed079b57c5ed2020d0ec2042650e54,Affected CI,2026-05-26 17:08:31,2026-05-14 17:29:20
ed53c6e8966cc3ab10a881fd9c6a3042,INC0010008,e7a5877caed70f5b906fdb37f06f3695,incident,prd-pay-api-02,6f88d5919c6abcfd31a28213f67e3650,Affected CI,2026-04-05 13:21:08,2026-05-03 04:49:22
5f01c5855f7e776f368796713df16631,INC0010009,ae6443f98cc823d223e4e1318b7c5593,incident,web-online-b-24,c6f3c5f354d54abb786380dbf66037ae,Affected CI,2026-05-14 01:11:08,2026-05-06 08:16:25
7b0ba0c706214d97dd54c3ea052b9136,INC0010010,c599214bc9153824845cdeae29594c75,incident,lt-data-war-34,14df9ca44d012942a311510c1de78da3,Affected CI,2026-05-13 23:33:36,2026-05-02 08:38:52
f1e50c7fbf6d3ad2883cca43f7d80d4d,INC0010011,cc275b571d849bc44817ca52b9e9f46e,incident,web-card-pro-21,316c7bc46c052640dbd2bc9e39b76fa3,Affected CI,2026-05-16 21:37:30,2026-04-30 06:21:35
dda849a27f19c7923be65c5fc7639a5b,INC0010011,cc275b571d849bc44817ca52b9e9f46e,incident,job-customer-05,3578f208b3b4589d65e6ab257dae3a4d,Related CI,2026-05-03 14:48:44,2026-05-09 13:12:30
d4a87f6673bca6a04ba88669552bdd0b,INC0010012,f684e5ff413a85ae559ef43d388399e4,incident,db-security-08,fda2c22089df0ba31c1fd81c3f2847be,Affected CI,2026-04-23 00:35:37,2026-05-09 21:39:29
aef9f8615345dec4bb94be1328ff607c,INC0010013,35d7eda4f21cbeb54b6e62db16b2da0f,incident,fin-erp-01,a653986b8faae8b64852f29c6b0a8e90,Affected CI,2026-05-14 14:07:40,2026-05-06 10:57:47
3631056ba8d1ceefa7ae2ec40877d389,INC0010013,35d7eda4f21cbeb54b6e62db16b2da0f,incident,web-online-b-24,c6f3c5f354d54abb786380dbf66037ae,Related CI,2026-05-10 10:12:17,2026-05-06 08:12:36
dca6e060315190623ab1e2b7fbe5a6cf,INC0010014,a7b06ab3929403c2ca8c801c34c41cb4,incident,db-security-08,fda2c22089df0ba31c1fd81c3f2847be,Affected CI,2026-05-07 16:21:02,2026-05-12 05:04:02
23926862f2018a4df3633e700b33b95c,INC0010015,4c81773140f5a4e7d048b99caa391dce,incident,web-manufact-01,a33005b4d1ae1782797b943ab95ef79c,Affected CI,2026-03-05 22:43:57,2026-05-09 22:07:43
8be4b78064dba7153bc596c348747d1a,INC0010016,8c6006392697874d6d6bef3861daf894,incident,web-customer-16,bc23b1ec70c622bd36b962e8ca71dbc7,Affected CI,2026-05-26 12:34:09,2026-05-13 04:02:10
46816948976b52ea70f34a99f0bb5b3d,INC0010017,2f1049e0195eb63ffe9f3e1b457ff561,incident,app-corporat-07,893387f59d76be4111a1edf048e0a384,Affected CI,2026-05-24 02:31:32,2026-05-09 21:50:46
29ea1ce57577264c19fbd9bba6b360bd,INC0010018,4213f5c245f43c4b221a88692dd1afd1,incident,db-security-11,be473a053026fd67eaf67a0378bb101c,Affected CI,2026-03-10 19:57:16,2026-04-28 16:32:05
66089698107f1d13c0d99db37203a76b,INC0010019,21c18a73881143e3746fd567a44b834f,incident,waf-edge-02,845afaca9bb03648b7986a5f0c89b163,Affected CI,2026-04-05 03:06:05,2026-05-04 18:35:23
7cbd87840534ef190916fd7d17868637,INC0010019,21c18a73881143e3746fd567a44b834f,incident,app-card-pro-32,ff37d071384e9a93afad4b7b56241642,Related CI,2026-05-07 00:10:38,2026-05-14 13:19:57
891df9c92e73d5c60e52ddedd88e4472,INC0010020,9a406c96ee21a6a1a082bad413482b81,incident,app-corporat-10,5714f75abe26b9832727f263d4ca5746,Affected CI,2026-04-17 05:54:05,2026-04-30 00:57:18
4c98fdc764fc6b86fdaa772a91a3b473,INC0010020,9a406c96ee21a6a1a082bad413482b81,incident,web-customer-23,c7df96e9605e8eabb94a8771923912d5,Related CI,2026-05-21 02:33:15,2026-05-15 01:39:53
a365b7bb80d65c25fb11de571281300d,INC0010021,27bda3f35aa794f9e6c6138d8cd1fe38,incident,job-customer-26,d1b1c9722c58fd05998b1bfa0f7ea669,Affected CI,2026-04-05 23:30:22,2026-05-17 08:45:55
148b0e24c75ddc9117605b7551bdc11e,INC0010021,27bda3f35aa794f9e6c6138d8cd1fe38,incident,idp-prd-01,46c3c0bb7f6c8c28c4507ffb8fd5c53b,Related CI,2026-05-02 20:15:59,2026-05-13 22:04:41
d9a7bd1baf4d8e89a029f8a82ce93787,INC0010022,fd61ee0cfc5dcf1f6083fa045d92ad48,incident,mail-edge-01,c4ef9902012b16477288a947e42f2778,Affected CI,2026-05-11 18:48:34,2026-05-19 16:22:30
c3a5313eede9127eb8b313be41167280,INC0010023,d9662402283828e8735f1db80e3f2754,incident,web-card-pro-21,316c7bc46c052640dbd2bc9e39b76fa3,Affected CI,2026-05-03 13:15:43,2026-05-18 12:14:26
20a049067ad2c195f2f944b56f2c61af,INC0010023,d9662402283828e8735f1db80e3f2754,incident,job-customer-25,c1ef67fd0e23e6accb2281f890988a66,Related CI,2026-04-23 13:44:24,2026-05-15 06:51:33
0c78d4c746ae164126290f464f6f6938,INC0010024,ab04345abd68e186c548eeb92d05a502,incident,lt-erp-fina-06,64ed079b57c5ed2020d0ec2042650e54,Affected CI,2026-03-15 06:36:37,2026-05-09 11:17:17
14a29269ea1489048f7246e72e19b748,INC0010025,f09ee1bf51532bb0bbb27901741dcd1c,incident,app-erp-fina-38,291715e5e2ad5712395de74d7412827b,Affected CI,2026-04-10 04:07:31,2026-05-09 20:53:15
73f4f08ea8b99c0a3877ab291f69a415,INC0010025,f09ee1bf51532bb0bbb27901741dcd1c,incident,db-security-08,fda2c22089df0ba31c1fd81c3f2847be,Related CI,2026-03-21 20:25:23,2026-05-10 10:31:04
3bdbd3130eadde44ca395f921ec582ce,INC0010026,92353b842775c209fbbe974439cfbb9d,incident,job-email-an-27,31babf6cd0ac5fec529e644c7de30552,Affected CI,2026-04-16 22:59:13,2026-05-25 07:12:10
566732d99c13e4c2e94d89846920cebf,INC0010026,92353b842775c209fbbe974439cfbb9d,incident,db-security-11,be473a053026fd67eaf67a0378bb101c,Related CI,2026-03-23 15:42:18,2026-04-27 13:17:22
0c53dbfdbca848a8d30cda5c506f6061,INC0010027,443ea8417ea15137d31a83b16f4229ca,incident,web-card-pro-36,c5bfb8e82bf24f85560f8f4d1942dce4,Affected CI,2026-03-28 08:19:47,2026-05-11 07:23:51
1625f99ab7b58e7168570a08db3f42ce,INC0010028,e184819943c88ff669e136132ccac362,incident,app-erp-fina-38,291715e5e2ad5712395de74d7412827b,Affected CI,2026-03-04 18:33:52,2026-05-27 13:29:03
dd831177d77aaba8b457d34aacbb1e0c,INC0010029,afa2f9a97adf1f198c35dfc3ad1f2cee,incident,web-customer-16,bc23b1ec70c622bd36b962e8ca71dbc7,Affected CI,2026-05-27 00:30:50,2026-05-18 17:11:44
22c7a96397ffef2655f8ff432548479f,INC0010029,afa2f9a97adf1f198c35dfc3ad1f2cee,incident,web-email-an-13,35ae6d910a6125127c3d4e316c3f3eba,Related CI,2026-03-12 04:28:36,2026-05-04 05:18:18
ba14adc0d8e07c76ff5cbf2278bdfdd7,INC0010030,71653e18ea4737c3961b939f0822dca3,incident,app-data-war-22,8063ba03b3abb3947ffd7697f2f18f65,Affected CI,2026-03-27 13:58:42,2026-05-07 22:24:54
375af8506872e9144396ae25915104b6,INC0010031,1e1ee35ce0e981ff9ba065641efb8579,incident,web-card-pro-39,fd9033d5850b2390b6d2ce2995c2c8f5,Affected CI,2026-03-12 22:15:47,2026-05-27 14:11:14
814e07a526f80f1151cff02407887790,INC0010032,d242594f5c4d0a18fc5a3059a7f3966a,incident,job-corporat-29,75a87fbf1f78846008d7c15c54f85a47,Affected CI,2026-03-22 23:52:21,2026-05-18 01:56:24
d9101af3893fdaf62974dfae74640d87,INC0010033,145db76c7450383a9fdffbba76ab4e83,incident,web-card-pro-21,316c7bc46c052640dbd2bc9e39b76fa3,Affected CI,2026-03-08 15:05:28,2026-05-08 07:59:06
7395d9663ea852d42903186732b28df3,INC0010034,58571fba90221784c695129161db997f,incident,lt-corporat-33,04bd1a7a479b2dd5696b9afcd2bb12f0,Affected CI,2026-04-06 14:53:58,2026-05-11 02:34:08
4831e5aca13140b8c4b47999db7f964c,INC0010035,a6374bd86d1d2eacc3c87fda45e890b2,incident,prd-pay-api-02,6f88d5919c6abcfd31a28213f67e3650,Affected CI,2026-03-23 15:05:50,2026-04-27 20:58:50
eb88db88fae0e19bb3deeadfbfa13a8e,INC0010036,9697f1707728e443ccbece5dde07f785,incident,vpn-gw-02,c5d306ddb70d59c95854994593f6c8e0,Affected CI,2026-05-11 01:13:42,2026-05-07 22:50:27
bc8d5feaccac97b5ae14366c60bc9534,INC0010037,a34802a750e1176e57b79cd247b15b68,incident,vpn-gw-01,edb61dbbc54f635f96974ee013a83cfd,Affected CI,2026-05-26 07:53:20,2026-05-15 21:20:25
bf27cfe8669c86607326ec0169835926,INC0010038,8621ef1da1aae64e247ff02fc7f958c6,incident,lt-erp-fina-06,64ed079b57c5ed2020d0ec2042650e54,Affected CI,2026-05-12 01:40:32,2026-05-04 21:08:18
dfd3d1e02f2c8157db62c9bad59ec3f9,INC0010039,2b668915ffd1f7b0763006844472b1da,incident,lt-card-pro-31,64ff57e0340f216af7d59d2893c540e9,Affected CI,2026-02-26 01:07:52,2026-05-05 09:04:26
3265d5212c4a5df812f384d884c2d6c2,INC0010040,b73d960c27a3f2d5d766f3e4a210f40f,incident,lt-erp-fina-06,64ed079b57c5ed2020d0ec2042650e54,Affected CI,2026-03-08 09:33:31,2026-04-29 01:11:42
6d84ac7179144272a0dafb84a7639f0f,INC0010040,b73d960c27a3f2d5d766f3e4a210f40f,incident,waf-edge-02,845afaca9bb03648b7986a5f0c89b163,Related CI,2026-05-16 21:20:42,2026-05-11 09:56:10
5f6423c4e10bcf32795c905e653f6ae2,INC0010041,153e618e42bb9c06c648d48f3311ed8c,incident,lt-card-pro-31,64ff57e0340f216af7d59d2893c540e9,Affected CI,2026-04-02 16:34:53,2026-05-12 21:35:37
d6e65399a747466622edd6148acffbe9,INC0010042,3bd332abe23996f7c63665e1f91567db,incident,app-data-war-22,8063ba03b3abb3947ffd7697f2f18f65,Affected CI,2026-04-16 17:22:20,2026-05-03 03:59:21
041e9804d276ac2ab5ef26a29fba5e62,INC0010043,d1ce7e1654b2cfd8b072f4001df44732,incident,node-email-an-04,f020aeb831ab4cfb60eb834b53468a1a,Affected CI,2026-05-11 17:16:00,2026-04-28 11:57:30
f84971a076664f4ba82f7dd6be30265c,INC0010044,50160b4e068558d0a33f3bef711dfab5,incident,app-email-an-28,997d1812f81a72b46530089f178f94df,Affected CI,2026-05-03 05:11:51,2026-05-12 15:17:41
86ab5a17834e87d9a61ff94008a1c89e,INC0010045,7e311c69f2c88e1e8a7cf2c94ddc1475,incident,node-erp-fina-02,35a4b1f034554719b9c267dc082d7dcf,Affected CI,2026-05-03 04:43:00,2026-05-25 03:13:40
9a744f675400bab4abc6d770cc5b9590,INC0010045,7e311c69f2c88e1e8a7cf2c94ddc1475,incident,web-data-war-14,a054a2ebbb79e0a91706d8bd71530456,Related CI,2026-04-24 01:47:36,2026-04-28 21:49:22
896aae8131353d378f7ea2d641fc90e6,INC0010046,5a0d6f18c6752871de3e033ab2b24793,incident,prd-pay-api-02,6f88d5919c6abcfd31a28213f67e3650,Affected CI,2026-05-12 16:55:56,2026-04-29 02:29:33
c9457a284ef06cae8659cde09354f30b,INC0010047,d2a39f612997991de525dba7b5e421a7,incident,job-corporat-29,75a87fbf1f78846008d7c15c54f85a47,Affected CI,2026-04-21 04:39:37,2026-05-05 10:07:06
85a0c3781d40294d2309b772716df963,INC0010048,4c1680c14ac3f7e5e2d20e31a4f2bd32,incident,node-email-an-04,f020aeb831ab4cfb60eb834b53468a1a,Affected CI,2026-03-05 16:21:11,2026-05-12 01:47:45
15ade9e9cafb4f7c68fc8a8011ecf0a1,INC0010049,375041f2213fc55fb56557c116565c93,incident,web-data-war-14,a054a2ebbb79e0a91706d8bd71530456,Affected CI,2026-04-17 00:11:55,2026-05-01 06:07:26
19451173f714662a1d32ed67b34a5d6c,INC0010050,05b34e52db07b38d94c7830d6033f683,incident,web-card-pro-21,316c7bc46c052640dbd2bc9e39b76fa3,Affected CI,2026-03-26 17:31:21,2026-05-22 03:39:24
aba73506df5f14568e48ffbcc5d9ec7a,INC0010051,67a49749789944906c7257b1cb9aadc8,incident,job-corporat-29,75a87fbf1f78846008d7c15c54f85a47,Affected CI,2026-03-01 02:39:22,2026-04-28 14:30:52
54e5fb8442d4ff8e50d512d285da559a,INC0010052,df7480ef1f6375bbc0c154604c59bd6f,incident,node-email-an-04,f020aeb831ab4cfb60eb834b53468a1a,Affected CI,2026-03-06 15:26:59,2026-04-30 11:44:29
ac396256158608e29d1a65046251084b,INC0010053,2718508d80496f238c8e1e04182f39f3,incident,claims-web-03,8aa67e00ef7e5e5281d8ef6cb76f987c,Affected CI,2026-04-15 05:32:19,2026-05-20 02:47:04
573b25a45043557364d080788646bbd7,INC0010054,800e6d5ac8df07453791f7e346523dae,incident,lt-data-war-34,14df9ca44d012942a311510c1de78da3,Affected CI,2026-03-16 11:15:21,2026-04-27 17:19:17
8d1f4306b50482e24017a68d5fa7d70e,INC0010054,800e6d5ac8df07453791f7e346523dae,incident,mes-hmi-07,888c8c94b86dc1fa33058ab512032693,Related CI,2026-04-12 16:25:59,2026-04-29 22:46:43
f5396426f855025f15be7b952e75975b,INC0010055,c83a41399c8d723bb7db86ad4096b982,incident,app-claims-p-20,0e79b2656965311fb4ce4d6779cbd17e,Affected CI,2026-02-26 03:13:26,2026-05-16 01:25:01
30b8f55a7328b7e9943217b03c0b690a,INC0010056,bb8a6f19880712b985fb48d5f97cdb26,incident,vpn-gw-02,c5d306ddb70d59c95854994593f6c8e0,Affected CI,2026-03-27 23:02:42,2026-05-16 04:13:18
3171bc291472468fdcd9ff706ddab0a2,INC0010057,469f319379e3b36d24622076945d0302,incident,job-corporat-29,75a87fbf1f78846008d7c15c54f85a47,Affected CI,2026-05-20 18:10:44,2026-05-21 14:06:42
09e7a9c9123c8c1086b8956fe1acfe6f,INC0010057,469f319379e3b36d24622076945d0302,incident,app-email-an-19,f5a1f71df145f7a6d2b42018d8217ea1,Related CI,2026-04-23 11:22:04,2026-05-14 01:43:24
13060d1cb6b38ee8a90feb67c63e5d4b,INC0010058,04c591701ac7e366bbff2895203ee4d0,incident,web-data-war-14,a054a2ebbb79e0a91706d8bd71530456,Affected CI,2026-03-26 17:22:47,2026-05-01 16:37:48
73af0933824e029478c10c2d5b9c671b,INC0010059,3e762dfa1b6c88c0ce07e69dcf2b843a,incident,node-claims-p-18,1fa62e7b602dfae96943c96a0d57e23e,Affected CI,2026-04-25 15:21:17,2026-05-24 16:47:48
684d26210656f6b5edde2a712e67dbc6,INC0010060,1ff97602a40ba98e0689f4fb51c42e74,incident,web-email-an-13,35ae6d910a6125127c3d4e316c3f3eba,Affected CI,2026-04-10 17:46:49,2026-05-25 11:04:12
393890e89c3956cfbbe972881930031e,INC0010061,e8514dd93f4badea3e3672ce0d1692e2,incident,prd-sql-pay-01,b46f6537e400dc13f571a44c9b215ef0,Affected CI,2026-05-06 13:18:25,2026-05-04 21:17:15
1ecf7da4549f139236d75fe33b9a60ca,INC0010062,bf2faad51099ac0ccf22ae0a202af6b6,incident,job-corporat-29,75a87fbf1f78846008d7c15c54f85a47,Affected CI,2026-03-11 21:20:53,2026-05-05 10:09:31
08015ad72f9421a7a04409e3169aef40,INC0010063,9eac8e5a14390439fabab8e23173f842,incident,dw-etl-01,63917d58f9aa5a1ed5a9470f082986c6,Affected CI,2026-03-16 07:13:26,2026-05-16 12:14:46
39d772d8dd0dc57dce84638ecf7c94f2,INC0010064,b5f792a1cb67aad7b7ceb606abcd956e,incident,app-corporat-07,893387f59d76be4111a1edf048e0a384,Affected CI,2026-05-22 07:35:38,2026-04-30 12:27:51
b99630b30bed48d2f33a37a12d0341bf,INC0010064,b5f792a1cb67aad7b7ceb606abcd956e,incident,waf-edge-02,845afaca9bb03648b7986a5f0c89b163,Related CI,2026-03-20 04:32:51,2026-05-21 23:03:28
782ae116045debe5dfbb4f1d4dce6f52,INC0010065,67ef7dd9573244fe797aa98c3739c187,incident,job-customer-25,c1ef67fd0e23e6accb2281f890988a66,Affected CI,2026-05-07 20:59:48,2026-04-28 21:35:56
65f7dd79c7311d55a0b50bd346d36da4,INC0010066,5db2caad7c6b81329deb5c5cf023b8a0,incident,fin-erp-01,a653986b8faae8b64852f29c6b0a8e90,Affected CI,2026-04-27 19:02:48,2026-05-14 18:53:13
2c3d29d49c9b33632e37035ac848dd4f,INC0010067,fe7364de332d21410acec8f2ff2eaa41,incident,app-email-an-19,f5a1f71df145f7a6d2b42018d8217ea1,Affected CI,2026-03-12 22:11:26,2026-05-17 05:03:15
4d62a6b3d77ae18b626be0d194463e21,INC0010068,72bdf7e2ea4c05999ec3f5744afaf41a,incident,web-card-pro-36,c5bfb8e82bf24f85560f8f4d1942dce4,Affected CI,2026-04-24 20:11:17,2026-05-16 21:09:52
83091f957fc068c085e3ecfa4ad56fb8,INC0010068,72bdf7e2ea4c05999ec3f5744afaf41a,incident,edr-mgmt-01,42f24baa0bd2fa27132af710260f93dc,Related CI,2026-02-26 14:20:06,2026-05-05 17:03:15
1420f0c24e372c5dc4e239c1872484f7,INC0010069,77f0c463694b0a1497e0983a11e008ea,incident,job-email-an-27,31babf6cd0ac5fec529e644c7de30552,Affected CI,2026-04-28 10:11:53,2026-05-23 14:12:17
e7cf3e1bbd63ded5d1b4f6fb9cec7011,INC0010070,0ede28afea2710c8a76733a33fcd309c,incident,web-card-pro-39,fd9033d5850b2390b6d2ce2995c2c8f5,Affected CI,2026-05-11 06:27:53,2026-05-25 19:52:42
a3897e7998c0a49021970a976b445ff4,INC0010071,d44f72ef4919ac0f38013ffa4a88bef6,incident,web-email-an-13,35ae6d910a6125127c3d4e316c3f3eba,Affected CI,2026-04-21 02:26:54,2026-05-26 12:23:11
a3fbdef42688552407c4100033bb700e,INC0010072,38439e558f1070b63ffb228ba1d535a7,incident,web-online-b-24,c6f3c5f354d54abb786380dbf66037ae,Affected CI,2026-05-01 20:43:37,2026-05-12 13:00:31
5d81768b59ecca11bdc8940c945b3e67,INC0010073,31aa87050b0f8a9c658c111f100f105f,incident,web-manufact-01,a33005b4d1ae1782797b943ab95ef79c,Affected CI,2026-04-28 13:13:49,2026-04-30 02:10:04
e32f7c3345fa47ef219c207ee7a026a7,INC0010074,9a7750cad3956d6cba39b17d5dc1479e,incident,edr-mgmt-01,42f24baa0bd2fa27132af710260f93dc,Affected CI,2026-03-14 08:33:24,2026-05-25 03:15:27
2e011b9ddf6d5faf1f505bac66314934,INC0010075,a63f65702db5315a6a7546e0c8b68533,incident,prd-pay-api-01,c118c7987f3ec387e7c8de061db00801,Affected CI,2026-04-24 10:03:52,2026-05-02 16:49:21
a78069fe5ff4ff7abcc3f56b3520b70d,INC0010076,34a2a7556415e9c666ff277411028e52,incident,job-card-pro-17,386b4eebd58d109acf87b74ff6612471,Affected CI,2026-05-19 01:50:38,2026-05-11 23:49:31
af828c12dd0054551378e37afdb45c0e,INC0010077,c09d0dd24a776935f88acd6a43acae41,incident,job-customer-05,3578f208b3b4589d65e6ab257dae3a4d,Affected CI,2026-03-12 18:54:10,2026-05-17 00:30:39
3a4cab911ee5cda1dc0f56e9685b0990,INC0010078,055a1f99502f4996ac7400402452bf75,incident,job-email-an-27,31babf6cd0ac5fec529e644c7de30552,Affected CI,2026-05-25 07:48:08,2026-04-26 20:11:43
3659672d4fb7877ad17b11ecaebf7a03,INC0010078,055a1f99502f4996ac7400402452bf75,incident,app-corporat-07,893387f59d76be4111a1edf048e0a384,Related CI,2026-04-09 06:23:57,2026-04-29 07:30:44
5f21ae3843eb76b6fc931160fc415feb,INC0010079,e807b51ba5009186f8fa9f5a661181af,incident,app-erp-fina-38,291715e5e2ad5712395de74d7412827b,Affected CI,2026-05-26 00:09:53,2026-04-29 08:16:54
f8154d23f5929846c244137d70a6e239,INC0010080,7955ffd3c14956dbfd90900555ffd36e,incident,app-email-an-19,f5a1f71df145f7a6d2b42018d8217ea1,Affected CI,2026-04-18 19:26:18,2026-05-15 15:19:12
66ee89863fd615988e36ad0bd600fe00,INC0010081,fccd289615acfc85ff7cde745b80c291,incident,web-customer-23,c7df96e9605e8eabb94a8771923912d5,Affected CI,2026-03-15 08:51:09,2026-05-25 08:17:59
59a0e90aa6c8866ad18587ea1ff650d5,INC0010082,1cdc3d5029e00c9180d99de869bd25c7,incident,prd-sql-pay-02,a0dfc1835a7503b94937e93261c33728,Affected CI,2026-05-27 00:39:50,2026-05-11 06:37:22
0c1226e9f3e38508d22a406724b578dd,INC0010083,199d0996cac83f5a7465c0919cb60561,incident,web-card-pro-36,c5bfb8e82bf24f85560f8f4d1942dce4,Affected CI,2026-03-27 23:03:46,2026-05-06 19:51:40
32385e8837f02221ebed891491b1fafe,INC0010084,c922ef63f6ab6927f78c7f09dc71cd41,incident,app-customer-03,8bde90965ca95fd49a91cc8265f1ce91,Affected CI,2026-04-01 08:31:07,2026-05-18 11:54:35
c4042e27a471dad2ded9409d3189f18c,INC0010085,12e0fea4b000b2e625f7abec099ebcab,incident,web-payments-40,b42ec55fad025990d7f0c7eecb6da23e,Affected CI,2026-04-30 12:00:27,2026-05-23 09:08:20
eb1e72902a114edd7555bb70d7aaf385,INC0010086,0df9e7de501b22881923c28ba2824eb1,incident,app-customer-03,8bde90965ca95fd49a91cc8265f1ce91,Affected CI,2026-03-09 17:59:17,2026-05-17 09:59:36
626e6a904ccacfe6fcccacf54f68aca0,INC0010087,c773ad2fcbd3cbcdc5d63f5862b702fe,incident,mail-edge-01,c4ef9902012b16477288a947e42f2778,Affected CI,2026-04-30 18:31:09,2026-05-10 11:33:35
c132acfd820bf999befdc81b223a2993,INC0010088,189b3078a66d20a79475ae02368ddbed,incident,prd-sql-pay-02,a0dfc1835a7503b94937e93261c33728,Affected CI,2026-04-28 13:33:45,2026-05-05 01:48:07
6eaa86eaddf76e5831eb814ad516787e,INC0010088,189b3078a66d20a79475ae02368ddbed,incident,app-customer-03,8bde90965ca95fd49a91cc8265f1ce91,Related CI,2026-03-14 03:21:57,2026-05-15 01:35:24
fccb027e380bc498a7b31374ad2cad8a,INC0010089,f7c89aa00a21bcc05f27972edc934bf0,incident,lt-corporat-33,04bd1a7a479b2dd5696b9afcd2bb12f0,Affected CI,2026-05-12 10:15:47,2026-05-22 09:44:33
1caf26ca9566f28cfdd9d00918b43790,INC0010090,db90a96696cbbe43663fec984a12715d,incident,app-claims-p-20,0e79b2656965311fb4ce4d6779cbd17e,Affected CI,2026-04-28 02:49:17,2026-04-27 15:34:23
fb65bef9b5eabd5e51915027ea933dc6,INC0010091,e4dc51f3eacd0f1b3e2b1cd5c85ec4a7,incident,lt-data-war-34,14df9ca44d012942a311510c1de78da3,Affected CI,2026-03-02 08:24:03,2026-05-16 19:44:43
2667f77ff0f02d7fbeefafeb020cdf75,INC0010092,9b5487785b7062f287de79a3d7cc43c7,incident,dw-etl-01,63917d58f9aa5a1ed5a9470f082986c6,Affected CI,2026-05-05 16:38:09,2026-05-02 19:27:54
d148752368d462c277c9d63e4200466a,INC0010093,be850bc28b772fecace0411ebb84787c,incident,lt-card-pro-31,64ff57e0340f216af7d59d2893c540e9,Affected CI,2026-03-01 08:33:37,2026-05-12 12:59:34
73d41fb1c0a295efe9cfcb0dd72d3e40,INC0010094,28bfc877bfab64b6d34e215e86486c8c,incident,app-erp-fina-38,291715e5e2ad5712395de74d7412827b,Affected CI,2026-05-12 05:14:19,2026-05-05 21:29:47
afad88b26e4e8ef54acdbe3dc6912f62,INC0010095,b3b765da1357bf739da77c1aa45a705d,incident,app-card-pro-32,ff37d071384e9a93afad4b7b56241642,Affected CI,2026-03-21 01:16:09,2026-05-12 05:46:16
c6893aeb84d12c78b487f340dc05cbc7,INC0010096,d41101ec93f1459360f59f0a64eb17f0,incident,web-data-war-14,a054a2ebbb79e0a91706d8bd71530456,Affected CI,2026-05-25 01:38:05,2026-05-19 13:32:01
032dfd524bdb2804b964e0762f6c6812,INC0010097,904dae90772959d5b32f89a753f2958b,incident,web-card-pro-39,fd9033d5850b2390b6d2ce2995c2c8f5,Affected CI,2026-05-06 15:04:19,2026-04-28 20:06:48
0e681b98a29480201ea410cd800d6ff2,INC0010098,03b918ef4f577617a8ac72af037d3f39,incident,lt-card-pro-31,64ff57e0340f216af7d59d2893c540e9,Affected CI,2026-04-15 10:35:45,2026-05-12 20:20:24
386e518d3131e7101c62d81adcc39697,INC0010098,03b918ef4f577617a8ac72af037d3f39,incident,job-customer-25,c1ef67fd0e23e6accb2281f890988a66,Related CI,2026-04-23 02:54:47,2026-05-08 21:34:53
0e135fa93ffb12c1be2f2510aa19af55,INC0010099,4a9716de6b26c1081fce666de7353fc5,incident,prd-sql-pay-01,b46f6537e400dc13f571a44c9b215ef0,Affected CI,2026-04-17 03:02:28,2026-05-02 12:50:35
e071d36d3017044b248c3e3a7dc7ffb3,INC0010100,3e3bc8affefd4ac9f6db2629e4a3b11c,incident,web-claims-p-37,c1702051b29592a20e86611e44c20223,Affected CI,2026-03-18 14:46:25,2026-05-04 17:14:54
ffdaa7c791fc3e944c426efd76ac9a2b,INC0010101,74dfc64ad09d30060d87f2d07cef35b6,incident,app-customer-03,8bde90965ca95fd49a91cc8265f1ce91,Affected CI,2026-05-08 08:09:05,2026-04-26 20:00:36
79fffb7b5180c98b1ca03515cd4e0307,INC0010102,7552901256e681b625bdefed29e3b845,incident,web-manufact-35,d064fa56251693e20ba2600b31fb0eef,Affected CI,2026-03-13 08:25:29,2026-05-14 10:20:08
614fa8557af427fe05a07099a5107286,INC0010103,0ec591366a7d156df10538bf97cd7b78,incident,web-card-pro-36,c5bfb8e82bf24f85560f8f4d1942dce4,Affected CI,2026-04-03 12:51:34,2026-05-24 08:27:18
4c6cb43836bd8591717414a1235908c2,INC0010104,1f3c164a78951fc0db65de35ff367bfb,incident,job-erp-fina-15,57a5c1e9a981ff9cc122a43e1b1102e0,Affected CI,2026-04-08 22:53:57,2026-05-19 19:27:26
982e8c8e719e04f1df9c9b85bf202ed5,INC0010105,3f42b49d8f04b946b9b0b66d826d7cee,incident,prd-pay-api-02,6f88d5919c6abcfd31a28213f67e3650,Affected CI,2026-03-14 02:58:02,2026-05-26 17:08:39
0ff4e0a411a3766037cd292dcc49fd44,INC0010106,eef2b1ca9e1e706e220b09cf7dc89c01,incident,idp-prd-01,46c3c0bb7f6c8c28c4507ffb8fd5c53b,Affected CI,2026-05-16 12:23:44,2026-05-14 14:16:54
f26bec4a13b4f19ee88203f81948380e,INC0010107,96bc376d750f0250e17fd5868f22902b,incident,prd-pay-api-02,6f88d5919c6abcfd31a28213f67e3650,Affected CI,2026-05-22 03:09:22,2026-05-13 18:03:04
3180b6405c29a5eaefe2ab5478354dca,INC0010108,cf8bc35bb59a955784fff347a92a9021,incident,job-customer-25,c1ef67fd0e23e6accb2281f890988a66,Affected CI,2026-03-17 17:35:39,2026-05-21 12:46:01
03688e2f52477d860ac38b2e4f560edd,INC0010109,781ebb1db35542bde6f5e53a699a005b,incident,web-card-pro-36,c5bfb8e82bf24f85560f8f4d1942dce4,Affected CI,2026-03-16 09:33:48,2026-05-05 01:06:19
1d3686475b6ef2ac410a4e56244ea1ac,INC0010110,997e880fd69e3ebec00065f77a780f3f,incident,web-online-b-24,c6f3c5f354d54abb786380dbf66037ae,Affected CI,2026-05-20 05:59:15,2026-05-06 22:43:15
86e59fea8f4e1091b1b45d01ee32a2fb,INC0010111,d3fee44756c0d994c4ded02f7d7bf035,incident,lt-erp-fina-06,64ed079b57c5ed2020d0ec2042650e54,Affected CI,2026-03-03 02:47:58,2026-04-29 14:10:23
9a5479618a578eff380e11bf01d461cd,INC0010112,3ba7788349f1af204ebafcf1b5c09583,incident,app-data-war-22,8063ba03b3abb3947ffd7697f2f18f65,Affected CI,2026-02-28 18:36:17,2026-05-04 01:56:29
b4b4e788c0254d251374c858c9194cbb,INC0010113,2b6f0155c1410802a7cfbb0e2498d6cf,incident,db-security-08,fda2c22089df0ba31c1fd81c3f2847be,Affected CI,2026-04-15 02:33:37,2026-05-07 10:20:03
1a3dea7c663bb5b7c202abdbe13a7236,INC0010114,657020bfefbfe5dfb266365e537e1c58,incident,mes-hmi-07,888c8c94b86dc1fa33058ab512032693,Affected CI,2026-05-13 21:56:18,2026-05-09 09:38:02
7254645d29b411d5ed966a3167f20040,INC0010115,bc731b8a669441c35c61aa49d7bbab05,incident,vpn-gw-01,edb61dbbc54f635f96974ee013a83cfd,Affected CI,2026-04-22 20:54:45,2026-05-05 10:17:15
c957f3935d79cf750a2f4236eb9d7bd9,INC0010116,072704310bfb595999391913e91aa227,incident,web-manufact-35,d064fa56251693e20ba2600b31fb0eef,Affected CI,2026-03-21 22:55:52,2026-05-12 10:11:36
b69cf042d88cc687b391327a9463574f,INC0010117,e320c4430d0ba050cfcc0bd0c34ae003,incident,web-manufact-01,a33005b4d1ae1782797b943ab95ef79c,Affected CI,2026-04-18 13:14:42,2026-05-25 02:02:08
3c68487b8862abb30f775d1efd336a18,INC0010118,82fba1d4f06d46e8ab458a2adadd8819,incident,web-customer-23,c7df96e9605e8eabb94a8771923912d5,Affected CI,2026-03-19 21:05:57,2026-05-01 05:00:38
c27d08a7b051413a214bce5460847806,INC0010118,82fba1d4f06d46e8ab458a2adadd8819,incident,lt-card-pro-31,64ff57e0340f216af7d59d2893c540e9,Related CI,2026-05-07 05:22:31,2026-05-08 06:00:50
ca7453caabd9555b2ea17e664539f721,INC0010119,0c17e61bb4db77f11ba2e487711f8d27,incident,app-corporat-07,893387f59d76be4111a1edf048e0a384,Affected CI,2026-05-02 22:52:00,2026-05-19 23:45:41
80354d7e9f337a7935bf1e76888eebeb,INC0010120,541decdfc3ead2ad15c0325e9d085365,incident,web-card-pro-39,fd9033d5850b2390b6d2ce2995c2c8f5,Affected CI,2026-02-28 10:56:21,2026-05-13 11:47:14
1fb37d77802d4ed3086bb6e7029d5123,INC0010121,80ebf94e9efe802a3ab0c28af967c2c3,incident,job-email-an-27,31babf6cd0ac5fec529e644c7de30552,Affected CI,2026-03-10 00:06:17,2026-05-14 02:03:30
bce3ffcd5ecc86bf7fa20ee75bb34184,INC0010122,14198080d2ee89777ae18241912037c8,incident,claims-web-03,8aa67e00ef7e5e5281d8ef6cb76f987c,Affected CI,2026-03-13 05:08:48,2026-05-03 22:33:46
fd024da5091e86c31fc6cdf501ef43d0,INC0010123,4acdafe251f25ae5106cecadcdd618bf,incident,web-claims-p-37,c1702051b29592a20e86611e44c20223,Affected CI,2026-04-16 06:57:33,2026-05-27 08:22:24
7cab16f631fd5914876ff007bc6d14d2,INC0010124,b93fef5fa7e8ebe9fae8b4dd58fc5aa6,incident,waf-edge-02,845afaca9bb03648b7986a5f0c89b163,Affected CI,2026-03-11 06:00:59,2026-04-27 15:35:19
36214fb743423325258ed9d2d8210fa5,INC0010125,6b430234bbfaf95fa40997f0d737ed4d,incident,web-card-pro-21,316c7bc46c052640dbd2bc9e39b76fa3,Affected CI,2026-03-24 05:38:47,2026-04-29 17:44:03
44c72ae94a8c1d121c433cb73c6b32da,INC0010126,60b7914058925f1e242b08f739b54ce5,incident,mes-hmi-07,888c8c94b86dc1fa33058ab512032693,Affected CI,2026-03-22 20:30:09,2026-05-12 00:36:33
0b6d9b6ae6d60d3990a85fab8a3b6975,INC0010127,be0c3eedcaf5c0fe9e4317b6b338145d,incident,node-erp-fina-02,35a4b1f034554719b9c267dc082d7dcf,Affected CI,2026-04-30 07:16:41,2026-05-21 17:05:04
488c14c8785a841e8cdc48eb954c5e6d,INC0010128,ce971ba34b221d4baea3e864a0c76b4f,incident,app-claims-p-20,0e79b2656965311fb4ce4d6779cbd17e,Affected CI,2026-03-25 13:20:12,2026-04-27 23:31:38
497b9de88969c225055978704eb79891,INC0010129,1fbfc8fbccbb8c490dc7c8175b7de3ee,incident,siem-hf-01,4503e1a3412af6383866d9ce54e99239,Affected CI,2026-03-11 11:16:06,2026-05-03 08:18:16
5c91d500f7667ca8deb65ee5a92ded24,INC0010130,1a9cbf4da105b58f8bf762bc8eeafbdb,incident,web-data-war-14,a054a2ebbb79e0a91706d8bd71530456,Affected CI,2026-05-25 21:02:59,2026-05-11 11:01:21
a62125382b26488e101d488f0c75dc6f,INC0010131,18dee929080cd8239371f9db02a2ee08,incident,mes-hmi-07,888c8c94b86dc1fa33058ab512032693,Affected CI,2026-03-19 19:10:18,2026-05-03 19:45:31
bd5878d3f5647f965e06e1168d82740d,INC0010132,d2cf7753266f20b3bfb2a5d3079a1c94,incident,waf-edge-02,845afaca9bb03648b7986a5f0c89b163,Affected CI,2026-03-17 15:47:41,2026-05-09 20:35:59
86adcdab6988ac5eaf3a18a6703cf12e,INC0010133,7d93aac0e2ebd8adb73f30cdffa8b56a,incident,app-corporat-07,893387f59d76be4111a1edf048e0a384,Affected CI,2026-04-05 05:15:20,2026-05-27 01:20:12
9e3ea1c1a21674e63dd8263720dca462,INC0010134,2b071277aff70fe3d76a11eecb5a929d,incident,web-card-pro-21,316c7bc46c052640dbd2bc9e39b76fa3,Affected CI,2026-05-21 20:26:46,2026-05-24 09:45:59
b7d85d8061d4da7ddbd4c49010f563fd,INC0010134,2b071277aff70fe3d76a11eecb5a929d,incident,app-corporat-10,5714f75abe26b9832727f263d4ca5746,Related CI,2026-04-22 14:48:37,2026-05-10 12:22:45
3e33a8047d785dac431b69bc379c482e,INC0010135,0fc17450181a123987921a85e045196d,incident,lt-data-war-34,14df9ca44d012942a311510c1de78da3,Affected CI,2026-03-13 20:45:25,2026-05-23 20:28:57
1e1569be818e7d93fa514b4acfea03c7,INC0010136,1d5dbb3aa6484b3f99988be0b3b23637,incident,app-data-war-22,8063ba03b3abb3947ffd7697f2f18f65,Affected CI,2026-03-28 20:29:15,2026-05-21 11:52:22
dc86f87102ae003c9921f57e0388ae0e,INC0010137,7d5fd12658b2d3780d1e382cdda6877c,incident,app-claims-p-20,0e79b2656965311fb4ce4d6779cbd17e,Affected CI,2026-05-02 12:57:50,2026-05-20 14:33:52
0941eb1b5bee722b1b422bf9b617968b,INC0010138,9d9cde899a25d32852a4840d1d04c3bd,incident,waf-edge-02,845afaca9bb03648b7986a5f0c89b163,Affected CI,2026-05-21 05:43:24,2026-05-21 22:18:58
c246b2a5fdc0b25f4cbaa631bea8eb58,INC0010138,9d9cde899a25d32852a4840d1d04c3bd,incident,dw-etl-01,63917d58f9aa5a1ed5a9470f082986c6,Related CI,2026-05-05 23:32:31,2026-05-14 06:35:37
a78e65547ea98c9a3861e2d1065ee537,INC0010139,e904dd16a8e6f78c14e462c962ae2af5,incident,claims-web-03,8aa67e00ef7e5e5281d8ef6cb76f987c,Affected CI,2026-03-01 07:28:56,2026-05-27 13:45:01
e3ecb04577c9c7d87ba62a427b46e781,INC0010140,243e1593249d5cd87120847c865addab,incident,web-card-pro-21,316c7bc46c052640dbd2bc9e39b76fa3,Affected CI,2026-05-12 22:12:25,2026-05-06 17:40:22
e0ab4824d309ef402cc65c14d7e0334e,INC0010140,243e1593249d5cd87120847c865addab,incident,lt-card-pro-31,64ff57e0340f216af7d59d2893c540e9,Related CI,2026-04-02 17:58:10,2026-05-16 08:36:26
5282f5c145632e3596bf4079b72711fc,INC0010141,801bfaa51ac61a5bcff040c897036787,incident,prd-pay-api-01,c118c7987f3ec387e7c8de061db00801,Affected CI,2026-03-04 18:37:45,2026-05-03 22:38:26
e66d1dae45030a9a3b4da26c0c2e851b,INC0010142,7fdfdd79c5b590d85feb67214fce6c62,incident,node-data-war-30,ad1baa598102461d2bed8e3a3e45fff0,Affected CI,2026-04-24 16:31:15,2026-04-30 03:49:27
3a52ab773d522e80939b025dd4f3fe20,INC0010143,ab906a1a15ccb13794f89ce1d92c421f,incident,node-email-an-04,f020aeb831ab4cfb60eb834b53468a1a,Affected CI,2026-03-06 05:09:43,2026-05-24 01:26:13
540cc30219ea4b0a77d0c4acdc335256,INC0010143,ab906a1a15ccb13794f89ce1d92c421f,incident,job-customer-26,d1b1c9722c58fd05998b1bfa0f7ea669,Related CI,2026-03-30 16:03:57,2026-05-01 19:32:03
3e1e53809008a272d8bd72af33fc9e06,INC0010144,b85fb0bc73bdb9e56574dd113b94fe68,incident,app-corporat-10,5714f75abe26b9832727f263d4ca5746,Affected CI,2026-03-25 12:52:41,2026-05-12 23:09:03
f8b757fb290bdcf7ccc511a47d7f6b8f,INC0010145,5129ccb4efa9b83fcf746924371428ec,incident,edr-mgmt-01,42f24baa0bd2fa27132af710260f93dc,Affected CI,2026-04-27 15:55:05,2026-05-07 18:08:16
461036f1942234f8b4ab29edde55a524,INC0010146,87b87126f20faf8fc22b29d13e7606c1,incident,edr-mgmt-01,42f24baa0bd2fa27132af710260f93dc,Affected CI,2026-04-30 21:12:52,2026-05-04 16:41:34
5b44d1f363c8dd94add1f42ef148c1ac,INC0010146,87b87126f20faf8fc22b29d13e7606c1,incident,job-erp-fina-15,57a5c1e9a981ff9cc122a43e1b1102e0,Related CI,2026-05-01 12:00:25,2026-05-14 00:37:35
aa36af6440041676faa99e151e8f4cd2,INC0010147,5e802a926ab80ae6d6a68dcec955f3f7,incident,web-manufact-01,a33005b4d1ae1782797b943ab95ef79c,Affected CI,2026-03-18 00:19:31,2026-05-26 23:15:40
2d7bc2072ec367768c2083ddc77ad6b2,INC0010147,5e802a926ab80ae6d6a68dcec955f3f7,incident,node-email-an-04,f020aeb831ab4cfb60eb834b53468a1a,Related CI,2026-04-14 15:04:25,2026-05-26 06:12:48
731597af3f58742669adbb4b4764d9c7,INC0010148,94110d0c40812ea53407f8e19d299f94,incident,job-card-pro-17,386b4eebd58d109acf87b74ff6612471,Affected CI,2026-04-15 05:10:42,2026-04-29 08:41:59
6ca2ce211439a1268a63ae576e29d694,INC0010149,f720db25cda9eab3be061103bade2c8b,incident,fin-erp-01,a653986b8faae8b64852f29c6b0a8e90,Affected CI,2026-02-26 01:56:51,2026-05-13 06:42:39
e9cabdd2cd6f4f3058dcea84f9b131df,INC0010150,a9b438215173fc996348f20147fba182,incident,dw-etl-01,63917d58f9aa5a1ed5a9470f082986c6,Affected CI,2026-04-12 02:24:37,2026-05-08 12:44:26
d63317619e58e1fb31d95cecdf19ecd5,CHG0030001,ec51bbaf357423b6aed26c9843beef6a,change_request,job-corporat-29,75a87fbf1f78846008d7c15c54f85a47,Planned CI,2026-03-17 07:20:17,2026-05-03 13:00:39
50e16253018d3b0bd01abcf990eb05ad,CHG0030002,b408a505c3ec96dbd6ca81cdf3d827ba,change_request,app-card-pro-32,ff37d071384e9a93afad4b7b56241642,Planned CI,2026-05-16 05:05:39,2026-05-11 21:45:05
765d26ed4bd67e74c6a64b1a9cd7760b,CHG0030002,b408a505c3ec96dbd6ca81cdf3d827ba,change_request,prd-sql-pay-01,b46f6537e400dc13f571a44c9b215ef0,Impacted CI,2026-04-04 19:28:01,2026-04-28 07:12:07
dc2ccae823c71742ff50896c3e92665f,CHG0030003,008d5a24710c3aa60f699757a7320f9a,change_request,web-online-b-24,c6f3c5f354d54abb786380dbf66037ae,Planned CI,2026-03-12 05:59:53,2026-05-14 18:29:52
630d757b1721f8fca84581188aaee012,CHG0030004,dbb1a80d62b7e967aebbe8e2f3bec4f7,change_request,edr-mgmt-01,42f24baa0bd2fa27132af710260f93dc,Planned CI,2026-04-23 16:33:26,2026-05-22 23:34:54
9c4d97ea103e91320f5a1f1107abfa39,CHG0030005,f2e0a983d1f7c0c7c012df1e0011fb13,change_request,job-customer-26,d1b1c9722c58fd05998b1bfa0f7ea669,Planned CI,2026-05-06 02:30:55,2026-05-07 01:22:17
53dc3bc3df04914cd2dbb3e74d65be37,CHG0030006,4f4ba1f898b220c12f93bb8d550cf60b,change_request,db-security-08,fda2c22089df0ba31c1fd81c3f2847be,Planned CI,2026-05-08 17:50:40,2026-04-29 06:32:01
208995d3983f0d0f61e63ae6c1de430d,CHG0030007,f1fda27200dce358e86631ed1b8558ac,change_request,app-email-an-28,997d1812f81a72b46530089f178f94df,Planned CI,2026-04-09 07:17:30,2026-05-21 06:06:09
3ef212be796d6aabccb3e4c092927515,CHG0030008,02465c1bf1650a92182239317c958c51,change_request,web-claims-p-37,c1702051b29592a20e86611e44c20223,Planned CI,2026-05-17 19:54:10,2026-05-18 14:13:35
07af41a9167f57ff054b1b7e623b17e4,CHG0030008,02465c1bf1650a92182239317c958c51,change_request,app-claims-p-20,0e79b2656965311fb4ce4d6779cbd17e,Impacted CI,2026-03-11 23:31:17,2026-05-22 21:35:19
b7e592c3552c1f0f7855508cae59e86e,CHG0030009,1eaea04cbfb45b4cfe06df1e012c6117,change_request,app-email-an-19,f5a1f71df145f7a6d2b42018d8217ea1,Planned CI,2026-05-05 20:18:36,2026-05-05 01:09:04
5582ac3809f95cf9158925814d19c407,CHG0030010,409359a6ef5506fd1cb9385d77cde9b4,change_request,web-online-b-24,c6f3c5f354d54abb786380dbf66037ae,Planned CI,2026-03-29 04:01:18,2026-05-22 12:51:51
5f2225f27a315c4bc4500806cfc94821,CHG0030011,75cf0c4a51d3f0ce56ee613d449d87fd,change_request,web-claims-p-37,c1702051b29592a20e86611e44c20223,Planned CI,2026-03-10 08:05:41,2026-05-12 05:03:38
7eb9231a18b7b37e0b47d1bdba5c3470,CHG0030012,fe2b5d7c5234d010d0c5e585c149d082,change_request,mail-edge-01,c4ef9902012b16477288a947e42f2778,Planned CI,2026-04-07 11:59:27,2026-05-15 02:32:58
6b4c3ae262e80f2712733f4de06d94e2,CHG0030012,fe2b5d7c5234d010d0c5e585c149d082,change_request,app-email-an-28,997d1812f81a72b46530089f178f94df,Impacted CI,2026-03-05 19:21:29,2026-05-24 23:14:36
ed1f78b2d940c73887c89eac4292824e,CHG0030013,87b6df328e48dae8f7a0ff61d47e63e7,change_request,app-data-war-22,8063ba03b3abb3947ffd7697f2f18f65,Planned CI,2026-05-22 21:55:41,2026-05-19 04:38:08
8c5e6423009246c759be960df170392d,CHG0030013,87b6df328e48dae8f7a0ff61d47e63e7,change_request,app-data-war-22,8063ba03b3abb3947ffd7697f2f18f65,Impacted CI,2026-04-03 13:24:17,2026-05-19 06:56:42
c2e009ee470f9fd4d2aab12a970f18c2,CHG0030014,74f98bb055180448b88b1eca654c0a21,change_request,web-card-pro-36,c5bfb8e82bf24f85560f8f4d1942dce4,Planned CI,2026-03-05 16:47:23,2026-05-23 00:07:12
6385ab7574e2d25faff8fa390442e0ea,CHG0030014,74f98bb055180448b88b1eca654c0a21,change_request,prd-sql-pay-01,b46f6537e400dc13f571a44c9b215ef0,Impacted CI,2026-04-18 02:54:14,2026-05-21 07:45:47
71dc681a1e57198d4386f7d63cc2559b,CHG0030015,c15923d33177f88f72023261dc768b2f,change_request,mail-edge-01,c4ef9902012b16477288a947e42f2778,Planned CI,2026-04-17 03:37:05,2026-05-12 01:30:49
364d794ff1a647d1f0da926df0e72788,CHG0030016,5cca55719810c316fbef94f1b2f03432,change_request,app-corporat-07,893387f59d76be4111a1edf048e0a384,Planned CI,2026-05-07 03:19:40,2026-05-21 22:44:14
7eeaadbd2bcc9d76947b26236c3b71e8,CHG0030017,ffe7046a349cd1049edf1d3906f8a263,change_request,idp-prd-01,46c3c0bb7f6c8c28c4507ffb8fd5c53b,Planned CI,2026-04-09 01:24:13,2026-05-05 15:33:29
e81423d103f990483dfd6c859a0f0c3b,CHG0030018,fcabeec6e09b8f034d47c21c976d2db4,change_request,web-data-war-14,a054a2ebbb79e0a91706d8bd71530456,Planned CI,2026-04-26 00:33:49,2026-05-17 12:23:06
51d4085a1dad198f396fe2b1fc92840b,CHG0030018,fcabeec6e09b8f034d47c21c976d2db4,change_request,lt-data-war-34,14df9ca44d012942a311510c1de78da3,Impacted CI,2026-05-24 02:44:23,2026-05-27 14:21:55
6760cabfa403cc94c651140344cbbecd,CHG0030019,c8cf8f27fd816df712230365b8604601,change_request,job-customer-25,c1ef67fd0e23e6accb2281f890988a66,Planned CI,2026-05-15 16:38:44,2026-04-28 20:22:17
1b2b925a185db96459a534599a178bf9,CHG0030020,1716d769abdd8181058a0d405b9cac00,change_request,web-manufact-01,a33005b4d1ae1782797b943ab95ef79c,Planned CI,2026-05-14 13:22:29,2026-05-18 23:28:20
fdea080b64556fb30596effa08536e3e,CHG0030021,be70900dd27c94a96ccdc664ab22fd13,change_request,app-email-an-28,997d1812f81a72b46530089f178f94df,Planned CI,2026-05-15 11:18:27,2026-05-09 14:54:47
f876cc5c3c7499c1c4694d1b641474fa,CHG0030022,31302db420a1edc1ac480a9f274537e6,change_request,lt-corporat-33,04bd1a7a479b2dd5696b9afcd2bb12f0,Planned CI,2026-05-12 02:16:13,2026-05-13 19:29:29
25f45e6cb96e844d29a520f269a369fe,CHG0030023,7fad88bdd492dd24822989fdc7b330df,change_request,web-online-b-24,c6f3c5f354d54abb786380dbf66037ae,Planned CI,2026-03-29 14:55:04,2026-05-10 07:55:02
0efc859516e2a800a09f20043b7ccaec,CHG0030024,6565defcca3531825f900a690b7d7584,change_request,app-data-war-22,8063ba03b3abb3947ffd7697f2f18f65,Planned CI,2026-03-11 11:01:44,2026-05-12 11:04:36
6789010e3a3f2bb5b8f61fcb91b0ae2e,CHG0030024,6565defcca3531825f900a690b7d7584,change_request,dw-etl-01,63917d58f9aa5a1ed5a9470f082986c6,Impacted CI,2026-03-02 03:05:50,2026-05-22 07:47:13
da03bf48a358bef6e8ed9763f368511e,CHG0030025,8a54025d0c63c4ffe053cc890c709dde,change_request,db-security-11,be473a053026fd67eaf67a0378bb101c,Planned CI,2026-04-05 09:04:43,2026-05-12 21:15:46
1a43b77c180329587709497ac16866b9,CHG0030026,f2586d1553bbde1bd9cd409444587cb8,change_request,node-claims-p-18,1fa62e7b602dfae96943c96a0d57e23e,Planned CI,2026-05-14 14:25:07,2026-05-19 04:37:26
db0b484539d3da1eb5fd699eb87990f4,CHG0030026,f2586d1553bbde1bd9cd409444587cb8,change_request,claims-web-03,8aa67e00ef7e5e5281d8ef6cb76f987c,Impacted CI,2026-04-14 04:14:37,2026-05-02 06:52:33
7322f3f0271ea67ce4307388006138de,CHG0030027,1f2fcff4186353e7b013a7baa4459a18,change_request,job-email-an-27,31babf6cd0ac5fec529e644c7de30552,Planned CI,2026-05-26 18:40:46,2026-05-21 18:28:51
434d8b0607ec206f281164ade056b93e,CHG0030028,936f7d7fae3113c601731b7294feca0a,change_request,web-card-pro-21,316c7bc46c052640dbd2bc9e39b76fa3,Planned CI,2026-03-28 14:54:41,2026-05-19 20:17:36
8c7ec1d63367a5cafb46fb9dc0b2594c,CHG0030029,3e898342c051b821f0bd404ee55c51b4,change_request,job-customer-25,c1ef67fd0e23e6accb2281f890988a66,Planned CI,2026-03-13 17:59:05,2026-04-27 07:47:03
4d4cc73b132f792dbddba56a6cb33160,CHG0030030,54719169f9118784a905a862b8acedb0,change_request,web-customer-16,bc23b1ec70c622bd36b962e8ca71dbc7,Planned CI,2026-04-05 03:26:39,2026-04-29 07:47:27
b0e5ce2fff2020c57d1e5fc215a0f508,CHG0030031,d4b13bde4938f8281235ff7602a0eeef,change_request,app-erp-fina-38,291715e5e2ad5712395de74d7412827b,Planned CI,2026-03-26 09:08:07,2026-05-14 07:56:39
be5ed8857e1ce058080019388d4808ef,CHG0030031,d4b13bde4938f8281235ff7602a0eeef,change_request,lt-erp-fina-06,64ed079b57c5ed2020d0ec2042650e54,Impacted CI,2026-03-22 01:52:04,2026-05-01 17:01:52
0c6ee6b41808b34abe264f99a43e6ed2,CHG0030032,8d157785c927d2be6a9e717269971d6d,change_request,prd-sql-pay-02,a0dfc1835a7503b94937e93261c33728,Planned CI,2026-05-23 03:15:54,2026-05-03 14:11:32
0dd9a37e5e64f21344f79fee6fc4d4e6,CHG0030033,cc95b862637f4fc74bd1222a44b01af0,change_request,mes-hmi-07,888c8c94b86dc1fa33058ab512032693,Planned CI,2026-04-23 06:43:38,2026-05-22 22:06:36
e2bdfd6be499911d15809e91a0d0c710,CHG0030034,f09195f439b3e43301d139f80c627f42,change_request,idp-prd-01,46c3c0bb7f6c8c28c4507ffb8fd5c53b,Planned CI,2026-03-12 04:13:17,2026-04-29 09:31:43
75e10c90eb36e55902ded77e4b61592c,CHG0030035,2383c9316334059b71542b2c9650af56,change_request,lt-customer-12,78655c4d5313d8ea1fbeced5c4bac632,Planned CI,2026-05-25 17:25:59,2026-05-17 22:30:13
b07820b01a52957d7a65d4e127b1cbfd,CHG0030035,2383c9316334059b71542b2c9650af56,change_request,web-customer-23,c7df96e9605e8eabb94a8771923912d5,Impacted CI,2026-04-25 04:21:28,2026-05-12 22:55:58
169cf0f052e9eab842cfd5b2104cecea,CHG0030036,855ad6928d3b250d82c21479604c200b,change_request,prd-pay-api-02,6f88d5919c6abcfd31a28213f67e3650,Planned CI,2026-04-29 21:10:44,2026-05-19 16:19:22
840b535b563eb24d32132c8d45faa202,CHG0030037,e839938da71aa3d8a32fc5df60b9f24f,change_request,app-claims-p-20,0e79b2656965311fb4ce4d6779cbd17e,Planned CI,2026-03-07 01:53:38,2026-05-18 12:09:21
631ff0115d67117b5fc3509e1117d9d5,CHG0030038,ffcd493eb99bfdc2af51933e67178345,change_request,waf-edge-02,845afaca9bb03648b7986a5f0c89b163,Planned CI,2026-05-18 19:45:28,2026-04-28 10:05:44
cd0727a7164423b1aba9f2c4ad286c30,CHG0030039,1571c58711d5e98ae30f8e96a66219e9,change_request,job-customer-05,3578f208b3b4589d65e6ab257dae3a4d,Planned CI,2026-05-22 23:20:33,2026-05-23 23:09:33
71536301ab00fa7c8ff2ab889aee4dbc,CHG0030040,e8116ea7487b43a5b7253918491541fa,change_request,db-security-11,be473a053026fd67eaf67a0378bb101c,Planned CI,2026-02-27 02:02:36,2026-05-02 14:04:06
b704679618f744659a346947c6e3f8c8,CHG0030041,a0668345bc6aa02e1a403cb1aec0b828,change_request,prd-sql-pay-02,a0dfc1835a7503b94937e93261c33728,Planned CI,2026-03-10 03:01:16,2026-05-19 15:21:42
78bf50f2af8359c2217122b9002fca1a,CHG0030042,980ecbd932bbb358165f9bd4237c14a9,change_request,mes-hmi-07,888c8c94b86dc1fa33058ab512032693,Planned CI,2026-05-26 21:34:52,2026-05-24 22:03:56
192383c3c378c299ff78f944b79c5de6,CHG0030043,dc126a96a10414d459e0bd0c396cc3c3,change_request,app-email-an-19,f5a1f71df145f7a6d2b42018d8217ea1,Planned CI,2026-03-31 01:05:50,2026-05-06 15:45:06
26d93cded9def822f8a7413f50d59a99,CHG0030044,4a5e6d388b2cb6551af4ded27aed71e0,change_request,app-corporat-07,893387f59d76be4111a1edf048e0a384,Planned CI,2026-04-02 00:35:48,2026-05-21 06:45:50
804dbba6a62e60d394f9ed8c6549eb0b,CHG0030044,4a5e6d388b2cb6551af4ded27aed71e0,change_request,lt-corporat-33,04bd1a7a479b2dd5696b9afcd2bb12f0,Impacted CI,2026-04-08 09:04:05,2026-05-26 02:35:28
59baa73f10622a1812b66ae28c0a82cb,CHG0030045,41da3c698cc8575f79f360912ce3fc84,change_request,app-email-an-19,f5a1f71df145f7a6d2b42018d8217ea1,Planned CI,2026-04-06 02:07:32,2026-05-18 21:01:18
4fe40a9369fd8cd65f9e2cdd316b51a8,CHG0030045,41da3c698cc8575f79f360912ce3fc84,change_request,web-email-an-13,35ae6d910a6125127c3d4e316c3f3eba,Impacted CI,2026-04-26 04:22:07,2026-05-01 12:05:01
