sys_id,number,type,state,approval,risk,impact,priority,category,assignment_group,assigned_to,requested_by,opened_by,business_service,cmdb_ci,short_description,description,justification,implementation_plan,backout_plan,test_plan,start_date,end_date,work_start,work_end,close_code,close_notes,u_environment,u_splunk_notable_event_id,u_splunk_correlation_search,sys_created_on,opened_at,sys_updated_on
ec51bbaf357423b6aed26c9843beef6a,CHG0030001,Emergency,Closed,Approved,High,2 - Medium,2 - Medium,Security,Threat Response,Rowan Diaz,Rowan Diaz,Rowan Diaz,Corporate VPN,job-corporat-29,Block malicious VPN source ranges after credential stuffing detection,Threat Response approved emergency controls for repeated failed VPN authentication from high-risk networks.,Demo change record created to support Splunk Enterprise Security storytelling.,"Validate pre-checks, implement approved change, monitor service health, and document results.",Restore previous configuration or package version and notify the service owner.,"Confirm service availability, authentication flow, and alert telemetry after implementation.",2026-05-15 22:00:00,2026-05-16 00:00:00,2026-05-15 22:00:00,2026-05-16 00:00:00,Successful,Change completed and monitoring returned to normal.,prod,NE-2026-05-18-0007,ESCU - Excessive VPN Authentication Failures,2026-05-15 12:00:00,2026-05-15 12:00:00,2026-05-16 04:00:00
b408a505c3ec96dbd6ca81cdf3d827ba,CHG0030002,Normal,Review,Approved,Moderate,1 - High,1 - High,Software,Database Services,Kai Lewis,Casey Morris,Casey Morris,Card Processing,app-card-pro-32,Apply SQL cumulative update to card processing database cluster,Monthly database patching for PCI-scoped payment databases with application team validation.,Demo change record created to support Splunk Enterprise Security storytelling.,"Validate pre-checks, implement approved change, monitor service health, and document results.",Restore previous configuration or package version and notify the service owner.,"Confirm service availability, authentication flow, and alert telemetry after implementation.",2026-05-22 14:00:00,2026-05-22 17:00:00,,,,,prod,,,2026-05-22 08:00:00,2026-05-22 08:00:00,2026-05-22 10:00:00
008d5a24710c3aa60f699757a7320f9a,CHG0030003,Emergency,Closed,Approved,High,1 - High,1 - High,Network,Network Operations,Quinn Walker,Reese Jensen,Reese Jensen,Online Banking,web-online-b-24,Disable vulnerable edge WAF rule package and deploy vendor hotfix,Emergency remediation after exploit traffic was observed against the online banking perimeter.,Demo change record created to support Splunk Enterprise Security storytelling.,"Validate pre-checks, implement approved change, monitor service health, and document results.",Restore previous configuration or package version and notify the service owner.,"Confirm service availability, authentication flow, and alert telemetry after implementation.",2026-05-23 01:00:00,2026-05-23 05:00:00,2026-05-23 01:00:00,2026-05-23 05:00:00,Unsuccessful,Change completed and monitoring returned to normal.,prod,NE-2026-05-20-0014,ESCU - Web Exploit Attempt Against Internet Facing Server,2026-05-22 16:00:00,2026-05-22 16:00:00,2026-05-23 08:00:00
dbb1a80d62b7e967aebbe8e2f3bec4f7,CHG0030004,Standard,Closed,Approved,Moderate,3 - Low,3 - Low,Hardware,Endpoint Engineering,Taylor Morris,Kai Ortiz,Kai Ortiz,Security Monitoring,edr-mgmt-01,Modify load balancer pool for Security Monitoring,Generated demo change for Security Monitoring affecting edr-mgmt-01.,Demo change record created to support Splunk Enterprise Security storytelling.,"Validate pre-checks, implement approved change, monitor service health, and document results.",Restore previous configuration or package version and notify the service owner.,"Confirm service availability, authentication flow, and alert telemetry after implementation.",2026-04-19 07:32:42,2026-04-19 09:32:42,2026-04-19 07:32:42,2026-04-19 09:32:42,Successful with Issues,Change completed and monitoring returned to normal.,dev,,,2026-04-17 01:32:42,2026-04-17 01:32:42,2026-04-19 12:32:42
f2e0a983d1f7c0c7c012df1e0011fb13,CHG0030005,Normal,Closed,Approved,High,1 - High,1 - High,Network,Endpoint Engineering,Drew Walker,Sydney Kim,Sydney Kim,Customer Identity,job-customer-26,Increase database storage for job-customer-26,Generated demo change for Customer Identity affecting job-customer-26.,Demo change record created to support Splunk Enterprise Security storytelling.,"Validate pre-checks, implement approved change, monitor service health, and document results.",Restore previous configuration or package version and notify the service owner.,"Confirm service availability, authentication flow, and alert telemetry after implementation.",2026-04-16 23:57:38,2026-04-17 05:57:38,2026-04-16 23:57:38,2026-04-17 05:57:38,Successful,Change completed and monitoring returned to normal.,stage,,,2026-04-14 09:57:38,2026-04-14 09:57:38,2026-04-17 06:57:38
4f4ba1f898b220c12f93bb8d550cf60b,CHG0030006,Normal,Closed,Approved,Low,2 - Medium,2 - Medium,Cloud,Identity and Access,Drew Walker,Kai Lewis,Kai Lewis,Security Monitoring,db-security-08,Add monitoring for db-security-08,Generated demo change for Security Monitoring affecting db-security-08.,Demo change record created to support Splunk Enterprise Security storytelling.,"Validate pre-checks, implement approved change, monitor service health, and document results.",Restore previous configuration or package version and notify the service owner.,"Confirm service availability, authentication flow, and alert telemetry after implementation.",2026-03-08 21:24:48,2026-03-09 05:24:48,2026-03-08 21:24:48,2026-03-09 05:24:48,Successful,Change completed and monitoring returned to normal.,prod,,,2026-03-06 08:24:48,2026-03-06 08:24:48,2026-03-09 10:24:48
f1fda27200dce358e86631ed1b8558ac,CHG0030007,Emergency,Closed,Approved,High,1 - High,1 - High,Application,Service Desk,Jamie Kim,Kai Vasquez,Kai Vasquez,Email and Collaboration,app-email-an-28,Add monitoring for app-email-an-28,Generated demo change for Email and Collaboration affecting app-email-an-28.,Demo change record created to support Splunk Enterprise Security storytelling.,"Validate pre-checks, implement approved change, monitor service health, and document results.",Restore previous configuration or package version and notify the service owner.,"Confirm service availability, authentication flow, and alert telemetry after implementation.",2026-04-03 12:17:39,2026-04-03 16:17:39,2026-04-03 12:17:39,2026-04-03 16:17:39,Successful with Issues,Change completed and monitoring returned to normal.,prod,,,2026-04-03 01:17:39,2026-04-03 01:17:39,2026-04-04 00:17:39
02465c1bf1650a92182239317c958c51,CHG0030008,Emergency,Closed,Approved,High,3 - Low,3 - Low,Hardware,Service Desk,Kai Lewis,Alex Hughes,Alex Hughes,Claims Portal,web-claims-p-37,Modify load balancer pool for Claims Portal,Generated demo change for Claims Portal affecting web-claims-p-37.,Demo change record created to support Splunk Enterprise Security storytelling.,"Validate pre-checks, implement approved change, monitor service health, and document results.",Restore previous configuration or package version and notify the service owner.,"Confirm service availability, authentication flow, and alert telemetry after implementation.",2026-04-29 06:48:47,2026-04-29 09:48:47,2026-04-29 06:48:47,2026-04-29 09:48:47,Unsuccessful,Change completed and monitoring returned to normal.,prod,,,2026-04-27 14:48:47,2026-04-27 14:48:47,2026-04-29 13:48:47
1eaea04cbfb45b4cfe06df1e012c6117,CHG0030009,Emergency,Closed,Approved,Low,2 - Medium,2 - Medium,Software,Endpoint Engineering,Emerson Ibrahim,Kai Lewis,Kai Lewis,Email and Collaboration,app-email-an-19,Update firewall policy for Email and Collaboration,Generated demo change for Email and Collaboration affecting app-email-an-19.,Demo change record created to support Splunk Enterprise Security storytelling.,"Validate pre-checks, implement approved change, monitor service health, and document results.",Restore previous configuration or package version and notify the service owner.,"Confirm service availability, authentication flow, and alert telemetry after implementation.",2026-04-19 18:23:05,2026-04-19 23:23:05,2026-04-19 18:23:05,2026-04-19 23:23:05,Unsuccessful,Change completed and monitoring returned to normal.,prod,,,2026-04-18 12:23:05,2026-04-18 12:23:05,2026-04-20 02:23:05
409359a6ef5506fd1cb9385d77cde9b4,CHG0030010,Normal,Cancelled,Rejected,Low,2 - Medium,2 - Medium,Software,Application Support,Casey Evans,Jamie Hughes,Jamie Hughes,Online Banking,web-online-b-24,Rotate service certificate for Online Banking,Generated demo change for Online Banking affecting web-online-b-24.,Demo change record created to support Splunk Enterprise Security storytelling.,"Validate pre-checks, implement approved change, monitor service health, and document results.",Restore previous configuration or package version and notify the service owner.,"Confirm service availability, authentication flow, and alert telemetry after implementation.",2026-05-03 17:06:21,2026-05-03 23:06:21,2026-05-03 17:06:21,2026-05-03 23:06:21,Unsuccessful,Change completed and monitoring returned to normal.,prod,,,2026-04-30 23:06:21,2026-04-30 23:06:21,2026-05-04 10:06:21
75cf0c4a51d3f0ce56ee613d449d87fd,CHG0030011,Normal,Review,Approved,Low,2 - Medium,2 - Medium,Application,Service Desk,Parker Vasquez,Quinn Lewis,Quinn Lewis,Claims Portal,web-claims-p-37,Refresh TLS configuration on web-claims-p-37,Generated demo change for Claims Portal affecting web-claims-p-37.,Demo change record created to support Splunk Enterprise Security storytelling.,"Validate pre-checks, implement approved change, monitor service health, and document results.",Restore previous configuration or package version and notify the service owner.,"Confirm service availability, authentication flow, and alert telemetry after implementation.",2026-05-23 10:54:57,2026-05-23 13:54:57,,,,,prod,,,2026-05-22 21:54:57,2026-05-22 21:54:57,2026-05-24 16:54:57
fe2b5d7c5234d010d0c5e585c149d082,CHG0030012,Normal,Cancelled,Rejected,Moderate,1 - High,1 - High,Security,Windows Server,Alex Vasquez,Jamie Walker,Jamie Walker,Email and Collaboration,mail-edge-01,Increase database storage for mail-edge-01,Generated demo change for Email and Collaboration affecting mail-edge-01.,Demo change record created to support Splunk Enterprise Security storytelling.,"Validate pre-checks, implement approved change, monitor service health, and document results.",Restore previous configuration or package version and notify the service owner.,"Confirm service availability, authentication flow, and alert telemetry after implementation.",2026-05-06 03:56:21,2026-05-06 05:56:21,2026-05-06 03:56:21,2026-05-06 05:56:21,Successful with Issues,Change completed and monitoring returned to normal.,dev,,,2026-05-04 19:56:21,2026-05-04 19:56:21,2026-05-06 11:56:21
87b6df328e48dae8f7a0ff61d47e63e7,CHG0030013,Normal,Scheduled,Approved,Low,2 - Medium,2 - Medium,Cloud,Threat Response,Quinn Lewis,Reese Jensen,Reese Jensen,Data Warehouse,app-data-war-22,Tune EDR policy for Data Warehouse,Generated demo change for Data Warehouse affecting app-data-war-22.,Demo change record created to support Splunk Enterprise Security storytelling.,"Validate pre-checks, implement approved change, monitor service health, and document results.",Restore previous configuration or package version and notify the service owner.,"Confirm service availability, authentication flow, and alert telemetry after implementation.",2026-05-11 19:31:47,2026-05-11 21:31:47,,,,,prod,,,2026-05-10 14:31:47,2026-05-10 14:31:47,2026-05-10 17:31:47
74f98bb055180448b88b1eca654c0a21,CHG0030014,Standard,Closed,Approved,High,1 - High,1 - High,Cloud,Threat Response,Jamie Kim,Parker Carter,Parker Carter,Card Processing,web-card-pro-36,Replace failed disk on web-card-pro-36,Generated demo change for Card Processing affecting web-card-pro-36.,Demo change record created to support Splunk Enterprise Security storytelling.,"Validate pre-checks, implement approved change, monitor service health, and document results.",Restore previous configuration or package version and notify the service owner.,"Confirm service availability, authentication flow, and alert telemetry after implementation.",2026-04-01 10:39:12,2026-04-01 17:39:12,2026-04-01 10:39:12,2026-04-01 17:39:12,Successful,Change completed and monitoring returned to normal.,prod,,,2026-04-01 05:39:12,2026-04-01 05:39:12,2026-04-01 23:39:12
c15923d33177f88f72023261dc768b2f,CHG0030015,Normal,Closed,Approved,Moderate,3 - Low,3 - Low,Software,Windows Server,Drew Foster,Sydney Jensen,Sydney Jensen,Email and Collaboration,mail-edge-01,Update firewall policy for Email and Collaboration,Generated demo change for Email and Collaboration affecting mail-edge-01.,Demo change record created to support Splunk Enterprise Security storytelling.,"Validate pre-checks, implement approved change, monitor service health, and document results.",Restore previous configuration or package version and notify the service owner.,"Confirm service availability, authentication flow, and alert telemetry after implementation.",2026-03-07 09:30:32,2026-03-07 10:30:32,2026-03-07 09:30:32,2026-03-07 10:30:32,Unsuccessful,Change completed and monitoring returned to normal.,dev,,,2026-03-06 05:30:32,2026-03-06 05:30:32,2026-03-07 16:30:32
5cca55719810c316fbef94f1b2f03432,CHG0030016,Normal,Closed,Approved,High,1 - High,1 - High,Network,Cloud Platform,Jordan Lewis,Jamie Walker,Jamie Walker,Corporate VPN,app-corporat-07,Refresh TLS configuration on app-corporat-07,Generated demo change for Corporate VPN affecting app-corporat-07.,Demo change record created to support Splunk Enterprise Security storytelling.,"Validate pre-checks, implement approved change, monitor service health, and document results.",Restore previous configuration or package version and notify the service owner.,"Confirm service availability, authentication flow, and alert telemetry after implementation.",2026-04-18 06:34:43,2026-04-18 10:34:43,2026-04-18 06:34:43,2026-04-18 10:34:43,Successful,Change completed and monitoring returned to normal.,prod,,,2026-04-16 19:34:43,2026-04-16 19:34:43,2026-04-18 16:34:43
ffe7046a349cd1049edf1d3906f8a263,CHG0030017,Normal,Implement,Approved,Moderate,1 - High,1 - High,Application,Identity and Access,Kai Turner,Hayden Vasquez,Hayden Vasquez,Customer Identity,idp-prd-01,Refresh TLS configuration on idp-prd-01,Generated demo change for Customer Identity affecting idp-prd-01.,Demo change record created to support Splunk Enterprise Security storytelling.,"Validate pre-checks, implement approved change, monitor service health, and document results.",Restore previous configuration or package version and notify the service owner.,"Confirm service availability, authentication flow, and alert telemetry after implementation.",2026-05-15 15:53:56,2026-05-15 21:53:56,,,,,prod,,,2026-05-14 08:53:56,2026-05-14 08:53:56,2026-05-16 06:53:56
fcabeec6e09b8f034d47c21c976d2db4,CHG0030018,Normal,Closed,Approved,Low,1 - High,1 - High,Security,Application Support,Avery Reed,Alex Patel,Alex Patel,Data Warehouse,web-data-war-14,Replace failed disk on web-data-war-14,Generated demo change for Data Warehouse affecting web-data-war-14.,Demo change record created to support Splunk Enterprise Security storytelling.,"Validate pre-checks, implement approved change, monitor service health, and document results.",Restore previous configuration or package version and notify the service owner.,"Confirm service availability, authentication flow, and alert telemetry after implementation.",2026-03-16 12:58:45,2026-03-16 17:58:45,2026-03-16 12:58:45,2026-03-16 17:58:45,Unsuccessful,Change completed and monitoring returned to normal.,prod,,,2026-03-16 05:58:45,2026-03-16 05:58:45,2026-03-17 01:58:45
c8cf8f27fd816df712230365b8604601,CHG0030019,Normal,Closed,Approved,Low,2 - Medium,2 - Medium,Software,Identity and Access,Kai Turner,Quinn Walker,Quinn Walker,Customer Identity,job-customer-25,Replace failed disk on job-customer-25,Generated demo change for Customer Identity affecting job-customer-25.,Demo change record created to support Splunk Enterprise Security storytelling.,"Validate pre-checks, implement approved change, monitor service health, and document results.",Restore previous configuration or package version and notify the service owner.,"Confirm service availability, authentication flow, and alert telemetry after implementation.",2026-04-26 02:51:46,2026-04-26 07:51:46,2026-04-26 02:51:46,2026-04-26 07:51:46,Successful with Issues,Change completed and monitoring returned to normal.,prod,,,2026-04-24 02:51:46,2026-04-24 02:51:46,2026-04-26 19:51:46
1716d769abdd8181058a0d405b9cac00,CHG0030020,Normal,Scheduled,Approved,Low,3 - Low,3 - Low,Cloud,Endpoint Engineering,Alex Vasquez,Kai Turner,Kai Turner,Manufacturing MES,web-manufact-01,Tune EDR policy for Manufacturing MES,Generated demo change for Manufacturing MES affecting web-manufact-01.,Demo change record created to support Splunk Enterprise Security storytelling.,"Validate pre-checks, implement approved change, monitor service health, and document results.",Restore previous configuration or package version and notify the service owner.,"Confirm service availability, authentication flow, and alert telemetry after implementation.",2026-03-03 23:10:18,2026-03-04 02:10:18,,,,,prod,,,2026-03-02 14:10:18,2026-03-02 14:10:18,2026-03-04 00:10:18
be70900dd27c94a96ccdc664ab22fd13,CHG0030021,Normal,Scheduled,Approved,Low,1 - High,1 - High,Database,Service Desk,Drew Patel,Reese Carter,Reese Carter,Email and Collaboration,app-email-an-28,Tune EDR policy for Email and Collaboration,Generated demo change for Email and Collaboration affecting app-email-an-28.,Demo change record created to support Splunk Enterprise Security storytelling.,"Validate pre-checks, implement approved change, monitor service health, and document results.",Restore previous configuration or package version and notify the service owner.,"Confirm service availability, authentication flow, and alert telemetry after implementation.",2026-04-20 23:50:22,2026-04-21 03:50:22,,,,,prod,,,2026-04-20 15:50:22,2026-04-20 15:50:22,2026-04-20 23:50:22
31302db420a1edc1ac480a9f274537e6,CHG0030022,Normal,Closed,Approved,Moderate,2 - Medium,2 - Medium,Security,Identity and Access,Harper Foster,Emerson Ibrahim,Emerson Ibrahim,Corporate VPN,lt-corporat-33,Update firewall policy for Corporate VPN,Generated demo change for Corporate VPN affecting lt-corporat-33.,Demo change record created to support Splunk Enterprise Security storytelling.,"Validate pre-checks, implement approved change, monitor service health, and document results.",Restore previous configuration or package version and notify the service owner.,"Confirm service availability, authentication flow, and alert telemetry after implementation.",2026-05-12 22:25:04,2026-05-13 03:25:04,2026-05-12 22:25:04,2026-05-13 03:25:04,Unsuccessful,Change completed and monitoring returned to normal.,prod,,,2026-05-12 01:25:04,2026-05-12 01:25:04,2026-05-13 13:25:04
7fad88bdd492dd24822989fdc7b330df,CHG0030023,Normal,Closed,Approved,Moderate,3 - Low,3 - Low,Security,Application Support,Cameron Ibrahim,Riley Jensen,Riley Jensen,Online Banking,web-online-b-24,Update firewall policy for Online Banking,Generated demo change for Online Banking affecting web-online-b-24.,Demo change record created to support Splunk Enterprise Security storytelling.,"Validate pre-checks, implement approved change, monitor service health, and document results.",Restore previous configuration or package version and notify the service owner.,"Confirm service availability, authentication flow, and alert telemetry after implementation.",2026-05-02 18:15:19,2026-05-02 23:15:19,2026-05-02 18:15:19,2026-05-02 23:15:19,Successful with Issues,Change completed and monitoring returned to normal.,prod,,,2026-04-30 02:15:19,2026-04-30 02:15:19,2026-05-03 04:15:19
6565defcca3531825f900a690b7d7584,CHG0030024,Normal,Scheduled,Approved,Low,1 - High,1 - High,Network,Threat Response,Harper Bennett,Taylor Morris,Taylor Morris,Data Warehouse,app-data-war-22,Modify load balancer pool for Data Warehouse,Generated demo change for Data Warehouse affecting app-data-war-22.,Demo change record created to support Splunk Enterprise Security storytelling.,"Validate pre-checks, implement approved change, monitor service health, and document results.",Restore previous configuration or package version and notify the service owner.,"Confirm service availability, authentication flow, and alert telemetry after implementation.",2026-03-15 06:15:27,2026-03-15 08:15:27,,,,,prod,,,2026-03-12 06:15:27,2026-03-12 06:15:27,2026-03-13 19:15:27
8a54025d0c63c4ffe053cc890c709dde,CHG0030025,Normal,Closed,Approved,High,2 - Medium,2 - Medium,Security,Cloud Platform,Morgan Singh,Jamie Hughes,Jamie Hughes,Security Monitoring,db-security-11,Increase database storage for db-security-11,Generated demo change for Security Monitoring affecting db-security-11.,Demo change record created to support Splunk Enterprise Security storytelling.,"Validate pre-checks, implement approved change, monitor service health, and document results.",Restore previous configuration or package version and notify the service owner.,"Confirm service availability, authentication flow, and alert telemetry after implementation.",2026-03-17 16:51:05,2026-03-17 21:51:05,2026-03-17 16:51:05,2026-03-17 21:51:05,Unsuccessful,Change completed and monitoring returned to normal.,prod,,,2026-03-16 15:51:05,2026-03-16 15:51:05,2026-03-18 08:51:05
f2586d1553bbde1bd9cd409444587cb8,CHG0030026,Normal,Implement,Approved,High,1 - High,1 - High,Application,Threat Response,Cameron Hughes,Sydney Walker,Sydney Walker,Claims Portal,node-claims-p-18,Add monitoring for node-claims-p-18,Generated demo change for Claims Portal affecting node-claims-p-18.,Demo change record created to support Splunk Enterprise Security storytelling.,"Validate pre-checks, implement approved change, monitor service health, and document results.",Restore previous configuration or package version and notify the service owner.,"Confirm service availability, authentication flow, and alert telemetry after implementation.",2026-04-05 08:16:32,2026-04-05 12:16:32,,,,,prod,,,2026-04-04 18:16:32,2026-04-04 18:16:32,2026-04-05 12:16:32
1f2fcff4186353e7b013a7baa4459a18,CHG0030027,Standard,Closed,Approved,Low,1 - High,1 - High,Network,Network Operations,Reese Hughes,Sydney Kim,Sydney Kim,Email and Collaboration,job-email-an-27,Replace failed disk on job-email-an-27,Generated demo change for Email and Collaboration affecting job-email-an-27.,Demo change record created to support Splunk Enterprise Security storytelling.,"Validate pre-checks, implement approved change, monitor service health, and document results.",Restore previous configuration or package version and notify the service owner.,"Confirm service availability, authentication flow, and alert telemetry after implementation.",2026-04-20 07:06:34,2026-04-20 15:06:34,2026-04-20 07:06:34,2026-04-20 15:06:34,Unsuccessful,Change completed and monitoring returned to normal.,prod,,,2026-04-18 23:06:34,2026-04-18 23:06:34,2026-04-21 01:06:34
936f7d7fae3113c601731b7294feca0a,CHG0030028,Standard,Review,Approved,Low,1 - High,1 - High,Cloud,Security Operations,Quinn Lewis,Morgan Singh,Morgan Singh,Card Processing,web-card-pro-21,Patch operating system on web-card-pro-21,Generated demo change for Card Processing affecting web-card-pro-21.,Demo change record created to support Splunk Enterprise Security storytelling.,"Validate pre-checks, implement approved change, monitor service health, and document results.",Restore previous configuration or package version and notify the service owner.,"Confirm service availability, authentication flow, and alert telemetry after implementation.",2026-05-01 10:58:07,2026-05-01 15:58:07,,,,,prod,,,2026-04-29 18:58:07,2026-04-29 18:58:07,2026-05-01 16:58:07
3e898342c051b821f0bd404ee55c51b4,CHG0030029,Emergency,Scheduled,Approved,Low,3 - Low,3 - Low,Hardware,Identity and Access,Hayden Vasquez,Kai Lewis,Kai Lewis,Customer Identity,job-customer-25,Deploy application release to Customer Identity,Generated demo change for Customer Identity affecting job-customer-25.,Demo change record created to support Splunk Enterprise Security storytelling.,"Validate pre-checks, implement approved change, monitor service health, and document results.",Restore previous configuration or package version and notify the service owner.,"Confirm service availability, authentication flow, and alert telemetry after implementation.",2026-05-22 15:09:29,2026-05-22 20:09:29,,,,,prod,,,2026-05-21 20:09:29,2026-05-21 20:09:29,2026-05-22 03:09:29
54719169f9118784a905a862b8acedb0,CHG0030030,Standard,Closed,Approved,Moderate,2 - Medium,2 - Medium,Application,Application Support,Jamie Morris,Taylor Ibrahim,Taylor Ibrahim,Customer Identity,web-customer-16,Patch operating system on web-customer-16,Generated demo change for Customer Identity affecting web-customer-16.,Demo change record created to support Splunk Enterprise Security storytelling.,"Validate pre-checks, implement approved change, monitor service health, and document results.",Restore previous configuration or package version and notify the service owner.,"Confirm service availability, authentication flow, and alert telemetry after implementation.",2026-03-21 19:54:24,2026-03-22 01:54:24,2026-03-21 19:54:24,2026-03-22 01:54:24,Successful,Change completed and monitoring returned to normal.,prod,,,2026-03-19 15:54:24,2026-03-19 15:54:24,2026-03-22 08:54:24
d4b13bde4938f8281235ff7602a0eeef,CHG0030031,Normal,Closed,Approved,Moderate,2 - Medium,2 - Medium,Network,Cloud Platform,Cameron Foster,Riley Jensen,Riley Jensen,ERP Finance,app-erp-fina-38,Update firewall policy for ERP Finance,Generated demo change for ERP Finance affecting app-erp-fina-38.,Demo change record created to support Splunk Enterprise Security storytelling.,"Validate pre-checks, implement approved change, monitor service health, and document results.",Restore previous configuration or package version and notify the service owner.,"Confirm service availability, authentication flow, and alert telemetry after implementation.",2026-05-16 10:08:54,2026-05-16 16:08:54,2026-05-16 10:08:54,2026-05-16 16:08:54,Successful,Change completed and monitoring returned to normal.,prod,,,2026-05-14 19:08:54,2026-05-14 19:08:54,2026-05-16 20:08:54
8d157785c927d2be6a9e717269971d6d,CHG0030032,Normal,Scheduled,Approved,Low,3 - Low,3 - Low,Security,Database Services,Jordan Ortiz,Hayden Evans,Hayden Evans,Card Processing,prd-sql-pay-02,Rotate service certificate for Card Processing,Generated demo change for Card Processing affecting prd-sql-pay-02.,Demo change record created to support Splunk Enterprise Security storytelling.,"Validate pre-checks, implement approved change, monitor service health, and document results.",Restore previous configuration or package version and notify the service owner.,"Confirm service availability, authentication flow, and alert telemetry after implementation.",2026-05-13 01:35:36,2026-05-13 06:35:36,,,,,prod,,,2026-05-11 07:35:36,2026-05-11 07:35:36,2026-05-11 16:35:36
cc95b862637f4fc74bd1222a44b01af0,CHG0030033,Normal,Implement,Approved,Low,2 - Medium,2 - Medium,Database,Endpoint Engineering,Alex Patel,Alex Patel,Alex Patel,Manufacturing MES,mes-hmi-07,Replace failed disk on mes-hmi-07,Generated demo change for Manufacturing MES affecting mes-hmi-07.,Demo change record created to support Splunk Enterprise Security storytelling.,"Validate pre-checks, implement approved change, monitor service health, and document results.",Restore previous configuration or package version and notify the service owner.,"Confirm service availability, authentication flow, and alert telemetry after implementation.",2026-03-24 02:11:54,2026-03-24 09:11:54,,,,,prod,,,2026-03-23 04:11:54,2026-03-23 04:11:54,2026-03-23 13:11:54
f09195f439b3e43301d139f80c627f42,CHG0030034,Normal,Closed,Approved,Moderate,1 - High,1 - High,Hardware,Identity and Access,Alex Hughes,Sydney Walker,Sydney Walker,Customer Identity,idp-prd-01,Add monitoring for idp-prd-01,Generated demo change for Customer Identity affecting idp-prd-01.,Demo change record created to support Splunk Enterprise Security storytelling.,"Validate pre-checks, implement approved change, monitor service health, and document results.",Restore previous configuration or package version and notify the service owner.,"Confirm service availability, authentication flow, and alert telemetry after implementation.",2026-04-15 22:50:47,2026-04-16 02:50:47,2026-04-15 22:50:47,2026-04-16 02:50:47,Successful with Issues,Change completed and monitoring returned to normal.,prod,,,2026-04-14 10:50:47,2026-04-14 10:50:47,2026-04-16 07:50:47
2383c9316334059b71542b2c9650af56,CHG0030035,Standard,Cancelled,Rejected,Moderate,1 - High,1 - High,Cloud,Service Desk,Casey Evans,Jamie Kim,Jamie Kim,Customer Identity,lt-customer-12,Rotate service certificate for Customer Identity,Generated demo change for Customer Identity affecting lt-customer-12.,Demo change record created to support Splunk Enterprise Security storytelling.,"Validate pre-checks, implement approved change, monitor service health, and document results.",Restore previous configuration or package version and notify the service owner.,"Confirm service availability, authentication flow, and alert telemetry after implementation.",2026-04-23 14:42:54,2026-04-23 18:42:54,2026-04-23 14:42:54,2026-04-23 18:42:54,Successful with Issues,Change completed and monitoring returned to normal.,prod,,,2026-04-22 21:42:54,2026-04-22 21:42:54,2026-04-24 00:42:54
855ad6928d3b250d82c21479604c200b,CHG0030036,Standard,Closed,Approved,Moderate,1 - High,1 - High,Database,Application Support,Cameron Ibrahim,Sydney Jensen,Sydney Jensen,Payments API,prd-pay-api-02,Increase database storage for prd-pay-api-02,Generated demo change for Payments API affecting prd-pay-api-02.,Demo change record created to support Splunk Enterprise Security storytelling.,"Validate pre-checks, implement approved change, monitor service health, and document results.",Restore previous configuration or package version and notify the service owner.,"Confirm service availability, authentication flow, and alert telemetry after implementation.",2026-05-07 02:20:46,2026-05-07 10:20:46,2026-05-07 02:20:46,2026-05-07 10:20:46,Successful,Change completed and monitoring returned to normal.,dev,,,2026-05-04 17:20:46,2026-05-04 17:20:46,2026-05-07 19:20:46
e839938da71aa3d8a32fc5df60b9f24f,CHG0030037,Normal,Closed,Approved,Low,2 - Medium,2 - Medium,Database,Linux Platform,Logan Foster,Hayden Vasquez,Hayden Vasquez,Claims Portal,app-claims-p-20,Patch operating system on app-claims-p-20,Generated demo change for Claims Portal affecting app-claims-p-20.,Demo change record created to support Splunk Enterprise Security storytelling.,"Validate pre-checks, implement approved change, monitor service health, and document results.",Restore previous configuration or package version and notify the service owner.,"Confirm service availability, authentication flow, and alert telemetry after implementation.",2026-03-19 21:11:23,2026-03-20 04:11:23,2026-03-19 21:11:23,2026-03-20 04:11:23,Successful,Change completed and monitoring returned to normal.,dev,,,2026-03-19 02:11:23,2026-03-19 02:11:23,2026-03-20 11:11:23
ffcd493eb99bfdc2af51933e67178345,CHG0030038,Normal,Scheduled,Approved,High,3 - Low,3 - Low,Database,Network Operations,Parker Garcia,Casey Evans,Casey Evans,Online Banking,waf-edge-02,Update firewall policy for Online Banking,Generated demo change for Online Banking affecting waf-edge-02.,Demo change record created to support Splunk Enterprise Security storytelling.,"Validate pre-checks, implement approved change, monitor service health, and document results.",Restore previous configuration or package version and notify the service owner.,"Confirm service availability, authentication flow, and alert telemetry after implementation.",2026-03-25 13:04:00,2026-03-25 21:04:00,,,,,prod,,,2026-03-25 07:04:00,2026-03-25 07:04:00,2026-03-27 02:04:00
1571c58711d5e98ae30f8e96a66219e9,CHG0030039,Normal,Closed,Approved,Low,2 - Medium,2 - Medium,Software,Database Services,Emerson Ibrahim,Alex Patel,Alex Patel,Customer Identity,job-customer-05,Modify load balancer pool for Customer Identity,Generated demo change for Customer Identity affecting job-customer-05.,Demo change record created to support Splunk Enterprise Security storytelling.,"Validate pre-checks, implement approved change, monitor service health, and document results.",Restore previous configuration or package version and notify the service owner.,"Confirm service availability, authentication flow, and alert telemetry after implementation.",2026-03-25 01:22:23,2026-03-25 09:22:23,2026-03-25 01:22:23,2026-03-25 09:22:23,Successful with Issues,Change completed and monitoring returned to normal.,prod,,,2026-03-22 02:22:23,2026-03-22 02:22:23,2026-03-25 15:22:23
e8116ea7487b43a5b7253918491541fa,CHG0030040,Normal,Closed,Approved,Moderate,3 - Low,3 - Low,Network,Cloud Platform,Jamie Kim,Kai Turner,Kai Turner,Security Monitoring,db-security-11,Rotate service certificate for Security Monitoring,Generated demo change for Security Monitoring affecting db-security-11.,Demo change record created to support Splunk Enterprise Security storytelling.,"Validate pre-checks, implement approved change, monitor service health, and document results.",Restore previous configuration or package version and notify the service owner.,"Confirm service availability, authentication flow, and alert telemetry after implementation.",2026-05-19 02:24:35,2026-05-19 10:24:35,2026-05-19 02:24:35,2026-05-19 10:24:35,Successful with Issues,Change completed and monitoring returned to normal.,prod,,,2026-05-18 00:24:35,2026-05-18 00:24:35,2026-05-19 20:24:35
a0668345bc6aa02e1a403cb1aec0b828,CHG0030041,Normal,Closed,Approved,Moderate,1 - High,1 - High,Application,Database Services,Drew Foster,Jamie Ortiz,Jamie Ortiz,Card Processing,prd-sql-pay-02,Refresh TLS configuration on prd-sql-pay-02,Generated demo change for Card Processing affecting prd-sql-pay-02.,Demo change record created to support Splunk Enterprise Security storytelling.,"Validate pre-checks, implement approved change, monitor service health, and document results.",Restore previous configuration or package version and notify the service owner.,"Confirm service availability, authentication flow, and alert telemetry after implementation.",2026-04-11 15:35:07,2026-04-11 17:35:07,2026-04-11 15:35:07,2026-04-11 17:35:07,Successful with Issues,Change completed and monitoring returned to normal.,prod,,,2026-04-08 17:35:07,2026-04-08 17:35:07,2026-04-11 21:35:07
980ecbd932bbb358165f9bd4237c14a9,CHG0030042,Normal,Closed,Approved,Low,3 - Low,3 - Low,Application,Endpoint Engineering,Cameron Singh,Casey Evans,Casey Evans,Manufacturing MES,mes-hmi-07,Add monitoring for mes-hmi-07,Generated demo change for Manufacturing MES affecting mes-hmi-07.,Demo change record created to support Splunk Enterprise Security storytelling.,"Validate pre-checks, implement approved change, monitor service health, and document results.",Restore previous configuration or package version and notify the service owner.,"Confirm service availability, authentication flow, and alert telemetry after implementation.",2026-05-04 07:12:41,2026-05-04 11:12:41,2026-05-04 07:12:41,2026-05-04 11:12:41,Successful,Change completed and monitoring returned to normal.,prod,,,2026-05-03 09:12:41,2026-05-03 09:12:41,2026-05-04 22:12:41
dc126a96a10414d459e0bd0c396cc3c3,CHG0030043,Normal,Closed,Approved,Moderate,2 - Medium,2 - Medium,Cloud,Endpoint Engineering,Jamie Hughes,Sydney Walker,Sydney Walker,Email and Collaboration,app-email-an-19,Rotate service certificate for Email and Collaboration,Generated demo change for Email and Collaboration affecting app-email-an-19.,Demo change record created to support Splunk Enterprise Security storytelling.,"Validate pre-checks, implement approved change, monitor service health, and document results.",Restore previous configuration or package version and notify the service owner.,"Confirm service availability, authentication flow, and alert telemetry after implementation.",2026-03-03 21:52:00,2026-03-04 04:52:00,2026-03-03 21:52:00,2026-03-04 04:52:00,Successful with Issues,Change completed and monitoring returned to normal.,prod,,,2026-03-01 06:52:00,2026-03-01 06:52:00,2026-03-04 15:52:00
4a5e6d388b2cb6551af4ded27aed71e0,CHG0030044,Normal,Closed,Approved,Low,3 - Low,3 - Low,Application,Cloud Platform,Rowan Hughes,Kai Jensen,Kai Jensen,Corporate VPN,app-corporat-07,Refresh TLS configuration on app-corporat-07,Generated demo change for Corporate VPN affecting app-corporat-07.,Demo change record created to support Splunk Enterprise Security storytelling.,"Validate pre-checks, implement approved change, monitor service health, and document results.",Restore previous configuration or package version and notify the service owner.,"Confirm service availability, authentication flow, and alert telemetry after implementation.",2026-04-20 04:23:48,2026-04-20 08:23:48,2026-04-20 04:23:48,2026-04-20 08:23:48,Successful with Issues,Change completed and monitoring returned to normal.,prod,,,2026-04-18 19:23:48,2026-04-18 19:23:48,2026-04-20 18:23:48
41da3c698cc8575f79f360912ce3fc84,CHG0030045,Normal,Closed,Approved,Low,2 - Medium,2 - Medium,Software,Endpoint Engineering,Alex Carter,Sydney Jensen,Sydney Jensen,Email and Collaboration,app-email-an-19,Tune EDR policy for Email and Collaboration,Generated demo change for Email and Collaboration affecting app-email-an-19.,Demo change record created to support Splunk Enterprise Security storytelling.,"Validate pre-checks, implement approved change, monitor service health, and document results.",Restore previous configuration or package version and notify the service owner.,"Confirm service availability, authentication flow, and alert telemetry after implementation.",2026-03-16 05:12:40,2026-03-16 13:12:40,2026-03-16 05:12:40,2026-03-16 13:12:40,Unsuccessful,Change completed and monitoring returned to normal.,prod,,,2026-03-15 05:12:40,2026-03-15 05:12:40,2026-03-16 23:12:40
