sys_id,user_name,employee_number,name,first_name,last_name,email,title,department,company,manager,location,active,vip,u_mfa_status,u_identity_provider,u_risk_score,sys_created_on,sys_updated_on,vendor,product,vendor_product,dvc,instance,cim_data_model,cim_dataset,tag,identity,user,src_user,user_id,user_email,user_bunit,user_category,user_priority,priority,managed_by,user_manager,status,result
ecabbc23c45f77f2ce5e63cec12c5ef7,cortiz,E100001,Casey Ortiz,Casey,Ortiz,cortiz@northwind.example,Database Administrator,Infrastructure,Northwind Financial,,Dallas - SOC,true,false,Enrolled,Entra ID,49,2024-11-30 19:27:40,2026-07-05 21:46:49,ServiceNow,IT Service Management,ServiceNow IT Service Management,synthetic-servicenow,synthetic-demo,Identity,Identity,identity,cortiz,cortiz,cortiz,E100001,cortiz@northwind.example,Infrastructure,Database Administrator,medium,medium,unassigned,unassigned,success,active
eec13b34a72091bcbc71e581505c2108,jwalker,E100002,Jamie Walker,Jamie,Walker,jwalker@northwind.example,Threat Hunter,Security,Apex Manufacturing,,Chicago - Data Center,true,false,Pending,PingFederate,50,2025-08-01 07:09:39,2026-05-31 14:17:38,ServiceNow,IT Service Management,ServiceNow IT Service Management,synthetic-servicenow,synthetic-demo,Identity,Identity,identity,jwalker,jwalker,jwalker,E100002,jwalker@northwind.example,Security,Threat Hunter,medium,medium,unassigned,unassigned,success,active
5111e420ea2eb5b4a7025a1fea452fd1,kdiaz,E100003,Kai Diaz,Kai,Diaz,kdiaz@northwind.example,Threat Hunter,Security,Contoso Health,,Singapore - Regional Office,true,false,Enrolled,Entra ID,33,2025-08-24 15:43:14,2026-06-30 21:55:36,ServiceNow,IT Service Management,ServiceNow IT Service Management,synthetic-servicenow,synthetic-demo,Identity,Identity,identity,kdiaz,kdiaz,kdiaz,E100003,kdiaz@northwind.example,Security,Threat Hunter,low,low,unassigned,unassigned,success,active
0f6ff95e9b02da6e3ce3872f05370d4e,rdiaz,E100004,Rowan Diaz,Rowan,Diaz,rdiaz@northwind.example,Threat Hunter,Manufacturing,Apex Manufacturing,,Singapore - Regional Office,true,false,Enrolled,PingFederate,84,2025-03-31 03:11:35,2026-07-07 17:31:16,ServiceNow,IT Service Management,ServiceNow IT Service Management,synthetic-servicenow,synthetic-demo,Identity,Identity,identity,rdiaz,rdiaz,rdiaz,E100004,rdiaz@northwind.example,Manufacturing,Threat Hunter,high,high,unassigned,unassigned,success,active
9965423054f993b40819a2b3f0faa5fd,areed,E100005,Avery Reed,Avery,Reed,areed@northwind.example,Systems Engineer,Retail Operations,Apex Manufacturing,,Dallas - SOC,true,false,Enrolled,PingFederate,61,2024-07-30 10:58:04,2026-05-31 04:28:17,ServiceNow,IT Service Management,ServiceNow IT Service Management,synthetic-servicenow,synthetic-demo,Identity,Identity,identity,areed,areed,areed,E100005,areed@northwind.example,Retail Operations,Systems Engineer,medium,medium,unassigned,unassigned,success,active
3d9c2ae914060995a811af19d7dc8f5b,clewis,E100006,Casey Lewis,Casey,Lewis,clewis@northwind.example,Claims Specialist,Finance,Contoso Health,,London - Regional Office,true,false,Enrolled,Okta,15,2025-04-11 14:24:08,2026-06-06 03:21:10,ServiceNow,IT Service Management,ServiceNow IT Service Management,synthetic-servicenow,synthetic-demo,Identity,Identity,identity,clewis,clewis,clewis,E100006,clewis@northwind.example,Finance,Claims Specialist,low,low,unassigned,unassigned,success,active
5d6cd7a0628a165bd1e6f54e5beb9e66,jkim,E100007,Jamie Kim,Jamie,Kim,jkim@northwind.example,Service Desk Analyst,Engineering,Northwind Financial,,New York - HQ,true,false,Enrolled,Okta,84,2024-11-19 14:49:03,2026-07-11 20:22:34,ServiceNow,IT Service Management,ServiceNow IT Service Management,synthetic-servicenow,synthetic-demo,Identity,Identity,identity,jkim,jkim,jkim,E100007,jkim@northwind.example,Engineering,Service Desk Analyst,high,high,unassigned,unassigned,success,active
344c1777dbfe3c580c7c277160a9c79d,dfoster,E100008,Drew Foster,Drew,Foster,dfoster@northwind.example,Database Administrator,Security,Apex Manufacturing,,Dallas - SOC,true,false,Exception,PingFederate,40,2025-06-28 12:16:03,2026-06-26 20:15:04,ServiceNow,IT Service Management,ServiceNow IT Service Management,synthetic-servicenow,synthetic-demo,Identity,Identity,identity,dfoster,dfoster,dfoster,E100008,dfoster@northwind.example,Security,Database Administrator,medium,medium,unassigned,unassigned,success,active
2f2af4bdb100e8a6738a80465a02364e,jlewis,E100009,Jordan Lewis,Jordan,Lewis,jlewis@northwind.example,Cloud Engineer,Claims,Apex Manufacturing,Drew Foster,Remote,true,false,Enrolled,Okta,64,2025-02-11 17:45:23,2026-06-02 22:12:05,ServiceNow,IT Service Management,ServiceNow IT Service Management,synthetic-servicenow,synthetic-demo,Identity,Identity,identity,jlewis,jlewis,jlewis,E100009,jlewis@northwind.example,Claims,Cloud Engineer,medium,medium,Drew Foster,Drew Foster,success,active
57f360c206b5c87d713b6240a4dcea07,ahughes,E100010,Alex Hughes,Alex,Hughes,ahughes@northwind.example,Service Desk Analyst,Customer Support,Apex Manufacturing,Casey Lewis,Chicago - Data Center,true,false,Enrolled,PingFederate,52,2026-01-03 09:20:46,2026-06-26 23:20:01,ServiceNow,IT Service Management,ServiceNow IT Service Management,synthetic-servicenow,synthetic-demo,Identity,Identity,identity,ahughes,ahughes,ahughes,E100010,ahughes@northwind.example,Customer Support,Service Desk Analyst,medium,medium,Casey Lewis,Casey Lewis,success,active
7c2963d0a431770c4d6c5ee888a37401,cibrahim,E100011,Cameron Ibrahim,Cameron,Ibrahim,cibrahim@northwind.example,Network Engineer,Finance,City Power Utility,Drew Foster,Singapore - Regional Office,true,false,Enrolled,Entra ID,53,2024-12-20 12:20:26,2026-06-11 01:42:51,ServiceNow,IT Service Management,ServiceNow IT Service Management,synthetic-servicenow,synthetic-demo,Identity,Identity,identity,cibrahim,cibrahim,cibrahim,E100011,cibrahim@northwind.example,Finance,Network Engineer,medium,medium,Drew Foster,Drew Foster,success,active
4d8db794239865a4cfe27aa1c7e8be3e,hvasquez,E100012,Hayden Vasquez,Hayden,Vasquez,hvasquez@northwind.example,Claims Specialist,Claims,Apex Manufacturing,Jordan Lewis,Singapore - Regional Office,true,false,Enrolled,PingFederate,19,2025-03-24 21:33:44,2026-07-03 23:56:51,ServiceNow,IT Service Management,ServiceNow IT Service Management,synthetic-servicenow,synthetic-demo,Identity,Identity,identity,hvasquez,hvasquez,hvasquez,E100012,hvasquez@northwind.example,Claims,Claims Specialist,low,low,Jordan Lewis,Jordan Lewis,success,active
1bb9a6a57e9ec0d69bd028a797a9c7da,pvasquez,E100013,Parker Vasquez,Parker,Vasquez,pvasquez@northwind.example,Systems Engineer,Customer Support,City Power Utility,Jamie Kim,New York - HQ,true,false,Enrolled,Entra ID,33,2024-09-04 22:29:05,2026-06-23 08:10:32,ServiceNow,IT Service Management,ServiceNow IT Service Management,synthetic-servicenow,synthetic-demo,Identity,Identity,identity,pvasquez,pvasquez,pvasquez,E100013,pvasquez@northwind.example,Customer Support,Systems Engineer,low,low,Jamie Kim,Jamie Kim,success,active
a47d9c5b6463985830e9e97bdb914084,swalker,E100014,Sydney Walker,Sydney,Walker,swalker@northwind.example,Database Administrator,Human Resources,City Power Utility,Drew Foster,New York - HQ,true,false,Pending,Entra ID,31,2025-05-18 18:34:48,2026-07-09 13:38:19,ServiceNow,IT Service Management,ServiceNow IT Service Management,synthetic-servicenow,synthetic-demo,Identity,Identity,identity,swalker,swalker,swalker,E100014,swalker@northwind.example,Human Resources,Database Administrator,low,low,Drew Foster,Drew Foster,success,active
bf734b27b3e5ff40fb1f3213a6f68f31,jortiz,E100015,Jordan Ortiz,Jordan,Ortiz,jortiz@northwind.example,Network Engineer,Finance,Northwind Financial,Avery Reed,Remote,true,false,Enrolled,Entra ID,69,2024-09-08 11:07:56,2026-07-08 01:00:42,ServiceNow,IT Service Management,ServiceNow IT Service Management,synthetic-servicenow,synthetic-demo,Identity,Identity,identity,jortiz,jortiz,jortiz,E100015,jortiz@northwind.example,Finance,Network Engineer,medium,medium,Avery Reed,Avery Reed,success,active
8fae08d23388db2cc1fbe4617e151356,rjensen,E100016,Riley Jensen,Riley,Jensen,rjensen@northwind.example,Network Engineer,Customer Support,Contoso Health,Hayden Vasquez,Singapore - Regional Office,true,false,Pending,PingFederate,47,2024-12-22 06:25:58,2026-06-20 16:23:51,ServiceNow,IT Service Management,ServiceNow IT Service Management,synthetic-servicenow,synthetic-demo,Identity,Identity,identity,rjensen,rjensen,rjensen,E100016,rjensen@northwind.example,Customer Support,Network Engineer,medium,medium,Hayden Vasquez,Hayden Vasquez,success,active
1da6c519ca253ffe2b2478ba780a09b0,kjensen,E100017,Kai Jensen,Kai,Jensen,kjensen@northwind.example,Plant Supervisor,Finance,Apex Manufacturing,Hayden Vasquez,Dallas - SOC,true,false,Enrolled,Entra ID,14,2025-08-12 22:48:04,2026-06-03 10:44:48,ServiceNow,IT Service Management,ServiceNow IT Service Management,synthetic-servicenow,synthetic-demo,Identity,Identity,identity,kjensen,kjensen,kjensen,E100017,kjensen@northwind.example,Finance,Plant Supervisor,low,low,Hayden Vasquez,Hayden Vasquez,success,active
3564285691df3735aacb1c48258f6ad9,hreed,E100018,Hayden Reed,Hayden,Reed,hreed@northwind.example,Network Engineer,Engineering,Northwind Financial,Hayden Vasquez,Chicago - Data Center,true,false,Enrolled,Okta,65,2026-02-01 11:42:32,2026-07-10 23:15:49,ServiceNow,IT Service Management,ServiceNow IT Service Management,synthetic-servicenow,synthetic-demo,Identity,Identity,identity,hreed,hreed,hreed,E100018,hreed@northwind.example,Engineering,Network Engineer,medium,medium,Hayden Vasquez,Hayden Vasquez,success,active
16ce8db4238f8b41cf1d8d73f2e08fdc,rhughes,E100019,Reese Hughes,Reese,Hughes,rhughes@northwind.example,Claims Specialist,Manufacturing,Northwind Financial,Jamie Kim,Chicago - Data Center,true,false,Enrolled,Okta,82,2025-10-27 12:59:45,2026-06-05 01:58:46,ServiceNow,IT Service Management,ServiceNow IT Service Management,synthetic-servicenow,synthetic-demo,Identity,Identity,identity,rhughes,rhughes,rhughes,E100019,rhughes@northwind.example,Manufacturing,Claims Specialist,high,high,Jamie Kim,Jamie Kim,success,active
e403174d6f14789b6d8a74c79aedd3e9,rcarter,E100020,Reese Carter,Reese,Carter,rcarter@northwind.example,Finance Manager,Engineering,Contoso Health,Parker Vasquez,Dallas - SOC,true,false,Enrolled,PingFederate,67,2025-08-05 06:13:08,2026-07-08 04:54:16,ServiceNow,IT Service Management,ServiceNow IT Service Management,synthetic-servicenow,synthetic-demo,Identity,Identity,identity,rcarter,rcarter,rcarter,E100020,rcarter@northwind.example,Engineering,Finance Manager,medium,medium,Parker Vasquez,Parker Vasquez,success,active
e2f7cb9389c3d8c0edb16dee12a871f6,acarter,E100021,Alex Carter,Alex,Carter,acarter@northwind.example,Executive Assistant,Legal,Northwind Financial,Parker Vasquez,Singapore - Regional Office,true,false,Enrolled,Okta,34,2024-12-06 17:39:58,2026-05-30 07:35:36,ServiceNow,IT Service Management,ServiceNow IT Service Management,synthetic-servicenow,synthetic-demo,Identity,Identity,identity,acarter,acarter,acarter,E100021,acarter@northwind.example,Legal,Executive Assistant,low,low,Parker Vasquez,Parker Vasquez,success,active
d3805bc284ee98be152fce4e7f29f321,apatel,E100022,Alex Patel,Alex,Patel,apatel@northwind.example,Cloud Engineer,Infrastructure,Contoso Health,Jamie Walker,Dallas - SOC,true,false,Enrolled,Okta,3,2025-01-14 04:49:52,2026-06-18 14:50:36,ServiceNow,IT Service Management,ServiceNow IT Service Management,synthetic-servicenow,synthetic-demo,Identity,Identity,identity,apatel,apatel,apatel,E100022,apatel@northwind.example,Infrastructure,Cloud Engineer,low,low,Jamie Walker,Jamie Walker,success,active
86cd1fbc1b922423fdcc8d5ca0bd94d5,pmorris,E100023,Parker Morris,Parker,Morris,pmorris@northwind.example,Systems Engineer,Human Resources,Contoso Health,Alex Hughes,New York - HQ,true,false,Pending,PingFederate,74,2024-11-15 07:29:05,2026-07-05 00:08:03,ServiceNow,IT Service Management,ServiceNow IT Service Management,synthetic-servicenow,synthetic-demo,Identity,Identity,identity,pmorris,pmorris,pmorris,E100023,pmorris@northwind.example,Human Resources,Systems Engineer,high,high,Alex Hughes,Alex Hughes,success,active
c52d0bb974261b421c2abb37b373702f,rwalker,E100024,Reese Walker,Reese,Walker,rwalker@northwind.example,Threat Hunter,Manufacturing,City Power Utility,Jamie Kim,Singapore - Regional Office,true,false,Enrolled,Okta,54,2025-09-23 21:08:44,2026-07-01 09:13:27,ServiceNow,IT Service Management,ServiceNow IT Service Management,synthetic-servicenow,synthetic-demo,Identity,Identity,identity,rwalker,rwalker,rwalker,E100024,rwalker@northwind.example,Manufacturing,Threat Hunter,medium,medium,Jamie Kim,Jamie Kim,success,active
462dc368e51ea9f6caed8bc622bc1f24,tibrahim,E100025,Taylor Ibrahim,Taylor,Ibrahim,tibrahim@northwind.example,Systems Engineer,Security,Contoso Health,Parker Vasquez,London - Regional Office,true,false,Enrolled,Okta,2,2025-11-26 20:09:16,2026-06-05 03:19:46,ServiceNow,IT Service Management,ServiceNow IT Service Management,synthetic-servicenow,synthetic-demo,Identity,Identity,identity,tibrahim,tibrahim,tibrahim,E100025,tibrahim@northwind.example,Security,Systems Engineer,low,low,Parker Vasquez,Parker Vasquez,success,active
7b983409f95226790d54464209bbe793,hbennett,E100026,Harper Bennett,Harper,Bennett,hbennett@northwind.example,Threat Hunter,Legal,Apex Manufacturing,Riley Jensen,New York - HQ,true,false,Enrolled,PingFederate,35,2025-08-25 23:07:29,2026-06-15 16:26:12,ServiceNow,IT Service Management,ServiceNow IT Service Management,synthetic-servicenow,synthetic-demo,Identity,Identity,identity,hbennett,hbennett,hbennett,E100026,hbennett@northwind.example,Legal,Threat Hunter,low,low,Riley Jensen,Riley Jensen,success,active
e636af6bcef023e502fd773f0d264666,lfoster,E100027,Logan Foster,Logan,Foster,lfoster@northwind.example,Systems Engineer,Claims,City Power Utility,Sydney Walker,Singapore - Regional Office,true,false,Pending,Okta,51,2024-09-08 10:38:19,2026-06-03 13:59:57,ServiceNow,IT Service Management,ServiceNow IT Service Management,synthetic-servicenow,synthetic-demo,Identity,Identity,identity,lfoster,lfoster,lfoster,E100027,lfoster@northwind.example,Claims,Systems Engineer,medium,medium,Sydney Walker,Sydney Walker,success,active
dec54207c0dd47bbb317c64e930d3a63,kvasquez,E100028,Kai Vasquez,Kai,Vasquez,kvasquez@northwind.example,Executive Assistant,Finance,Contoso Health,Jamie Kim,Remote,true,false,Enrolled,Okta,53,2025-11-03 10:18:50,2026-06-11 17:29:14,ServiceNow,IT Service Management,ServiceNow IT Service Management,synthetic-servicenow,synthetic-demo,Identity,Identity,identity,kvasquez,kvasquez,kvasquez,E100028,kvasquez@northwind.example,Finance,Executive Assistant,medium,medium,Jamie Kim,Jamie Kim,success,active
dcac64b8f407aef99ec23898a7bb2d8d,skim,E100029,Sydney Kim,Sydney,Kim,skim@northwind.example,Claims Specialist,Claims,Contoso Health,Jamie Walker,Chicago - Data Center,true,false,Pending,Okta,83,2025-01-03 23:49:11,2026-06-28 07:49:02,ServiceNow,IT Service Management,ServiceNow IT Service Management,synthetic-servicenow,synthetic-demo,Identity,Identity,identity,skim,skim,skim,E100029,skim@northwind.example,Claims,Claims Specialist,high,high,Jamie Walker,Jamie Walker,success,active
4fcb7abe2377664154f201052ee9520e,dwalker,E100030,Drew Walker,Drew,Walker,dwalker@northwind.example,Database Administrator,Human Resources,Apex Manufacturing,Casey Ortiz,New York - HQ,true,false,Enrolled,Entra ID,10,2025-03-18 02:39:26,2026-06-21 20:26:20,ServiceNow,IT Service Management,ServiceNow IT Service Management,synthetic-servicenow,synthetic-demo,Identity,Identity,identity,dwalker,dwalker,dwalker,E100030,dwalker@northwind.example,Human Resources,Database Administrator,low,low,Casey Ortiz,Casey Ortiz,success,active
9bce1d5419bd7bbb02f0ffe2edb0dba2,qwalker,E100031,Quinn Walker,Quinn,Walker,qwalker@northwind.example,Systems Engineer,Claims,Northwind Financial,Hayden Vasquez,Dallas - SOC,true,false,Enrolled,Okta,19,2024-12-13 13:00:48,2026-06-23 12:17:02,ServiceNow,IT Service Management,ServiceNow IT Service Management,synthetic-servicenow,synthetic-demo,Identity,Identity,identity,qwalker,qwalker,qwalker,E100031,qwalker@northwind.example,Claims,Systems Engineer,low,low,Hayden Vasquez,Hayden Vasquez,success,active
17e93f603db76f0f445a999e2f69c420,jmorris,E100032,Jamie Morris,Jamie,Morris,jmorris@northwind.example,Service Desk Analyst,Customer Support,Contoso Health,Rowan Diaz,Remote,true,false,Enrolled,Okta,13,2025-02-02 00:22:24,2026-07-13 16:20:29,ServiceNow,IT Service Management,ServiceNow IT Service Management,synthetic-servicenow,synthetic-demo,Identity,Identity,identity,jmorris,jmorris,jmorris,E100032,jmorris@northwind.example,Customer Support,Service Desk Analyst,low,low,Rowan Diaz,Rowan Diaz,success,active
a3b77e5f59a970c150b856bc7a862b25,kortiz,E100033,Kai Ortiz,Kai,Ortiz,kortiz@northwind.example,Cloud Engineer,Engineering,Apex Manufacturing,Riley Jensen,New York - HQ,true,false,Enrolled,Okta,2,2025-02-05 04:55:22,2026-06-05 15:30:27,ServiceNow,IT Service Management,ServiceNow IT Service Management,synthetic-servicenow,synthetic-demo,Identity,Identity,identity,kortiz,kortiz,kortiz,E100033,kortiz@northwind.example,Engineering,Cloud Engineer,low,low,Riley Jensen,Riley Jensen,success,active
980c08160e1a5dbee06fd1a0ff34f98b,jsingh,E100034,Jordan Singh,Jordan,Singh,jsingh@northwind.example,Service Desk Analyst,Engineering,City Power Utility,Hayden Vasquez,Chicago - Data Center,true,false,Enrolled,Entra ID,71,2025-08-18 01:35:49,2026-07-14 17:33:38,ServiceNow,IT Service Management,ServiceNow IT Service Management,synthetic-servicenow,synthetic-demo,Identity,Identity,identity,jsingh,jsingh,jsingh,E100034,jsingh@northwind.example,Engineering,Service Desk Analyst,high,high,Hayden Vasquez,Hayden Vasquez,success,active
09b05b0ed4aba5b096c6fac443a2eccf,cibrahim2,E100035,Casey Ibrahim,Casey,Ibrahim,cibrahim2@northwind.example,Network Engineer,Infrastructure,Apex Manufacturing,Jordan Lewis,Chicago - Data Center,true,false,Enrolled,Okta,34,2025-11-18 14:08:52,2026-06-13 13:28:13,ServiceNow,IT Service Management,ServiceNow IT Service Management,synthetic-servicenow,synthetic-demo,Identity,Identity,identity,cibrahim2,cibrahim2,cibrahim2,E100035,cibrahim2@northwind.example,Infrastructure,Network Engineer,low,low,Jordan Lewis,Jordan Lewis,success,active
98800689a3994e65bcf6f1b46c9fe260,hevans,E100036,Hayden Evans,Hayden,Evans,hevans@northwind.example,Threat Hunter,Engineering,City Power Utility,Hayden Vasquez,Singapore - Regional Office,true,false,Enrolled,Entra ID,42,2025-02-26 11:35:23,2026-06-13 09:04:00,ServiceNow,IT Service Management,ServiceNow IT Service Management,synthetic-servicenow,synthetic-demo,Identity,Identity,identity,hevans,hevans,hevans,E100036,hevans@northwind.example,Engineering,Threat Hunter,medium,medium,Hayden Vasquez,Hayden Vasquez,success,active
090f22da6f760612570d740d29ae0e98,pgarcia,E100037,Parker Garcia,Parker,Garcia,pgarcia@northwind.example,Claims Specialist,Customer Support,Apex Manufacturing,Jamie Kim,Dallas - SOC,true,false,Enrolled,PingFederate,32,2025-04-06 23:59:05,2026-07-12 11:09:08,ServiceNow,IT Service Management,ServiceNow IT Service Management,synthetic-servicenow,synthetic-demo,Identity,Identity,identity,pgarcia,pgarcia,pgarcia,E100037,pgarcia@northwind.example,Customer Support,Claims Specialist,low,low,Jamie Kim,Jamie Kim,success,active
06f6abca3b03fb8a096a7049b034e195,kturner,E100038,Kai Turner,Kai,Turner,kturner@northwind.example,Systems Engineer,Claims,Contoso Health,Sydney Walker,London - Regional Office,true,false,Enrolled,PingFederate,20,2024-09-29 05:26:42,2026-07-10 13:55:54,ServiceNow,IT Service Management,ServiceNow IT Service Management,synthetic-servicenow,synthetic-demo,Identity,Identity,identity,kturner,kturner,kturner,E100038,kturner@northwind.example,Claims,Systems Engineer,low,low,Sydney Walker,Sydney Walker,success,active
bf93bf2e91c3c8e3b34d11b61655b89d,sjensen,E100039,Sydney Jensen,Sydney,Jensen,sjensen@northwind.example,Application Owner,Finance,Contoso Health,Casey Ortiz,London - Regional Office,true,false,Enrolled,Okta,18,2024-12-09 09:07:57,2026-06-26 09:34:22,ServiceNow,IT Service Management,ServiceNow IT Service Management,synthetic-servicenow,synthetic-demo,Identity,Identity,identity,sjensen,sjensen,sjensen,E100039,sjensen@northwind.example,Finance,Application Owner,low,low,Casey Ortiz,Casey Ortiz,success,active
e6ca2e2b9bf7768d0ed4483c64ae1a31,jortiz2,E100040,Jamie Ortiz,Jamie,Ortiz,jortiz2@northwind.example,Executive Assistant,Legal,City Power Utility,Jamie Kim,New York - HQ,true,false,Enrolled,PingFederate,42,2025-03-25 15:09:39,2026-06-27 04:49:52,ServiceNow,IT Service Management,ServiceNow IT Service Management,synthetic-servicenow,synthetic-demo,Identity,Identity,identity,jortiz2,jortiz2,jortiz2,E100040,jortiz2@northwind.example,Legal,Executive Assistant,medium,medium,Jamie Kim,Jamie Kim,success,active
4ce3664a17e23c8fc0efbf261da31dab,jhughes,E100041,Jamie Hughes,Jamie,Hughes,jhughes@northwind.example,Executive Assistant,Legal,Apex Manufacturing,Rowan Diaz,Chicago - Data Center,true,false,Enrolled,PingFederate,51,2025-01-29 16:16:43,2026-06-09 15:36:29,ServiceNow,IT Service Management,ServiceNow IT Service Management,synthetic-servicenow,synthetic-demo,Identity,Identity,identity,jhughes,jhughes,jhughes,E100041,jhughes@northwind.example,Legal,Executive Assistant,medium,medium,Rowan Diaz,Rowan Diaz,success,active
e69efeacd7e6a6592a95b68fa81a20e1,ekim,E100042,Emerson Kim,Emerson,Kim,ekim@northwind.example,Application Owner,Customer Support,Northwind Financial,Riley Jensen,London - Regional Office,true,false,Enrolled,PingFederate,32,2026-02-01 16:56:00,2026-06-04 19:34:54,ServiceNow,IT Service Management,ServiceNow IT Service Management,synthetic-servicenow,synthetic-demo,Identity,Identity,identity,ekim,ekim,ekim,E100042,ekim@northwind.example,Customer Support,Application Owner,low,low,Riley Jensen,Riley Jensen,success,active
f2a059a035ef50200db83ba0eab4eb85,rjensen2,E100043,Reese Jensen,Reese,Jensen,rjensen2@northwind.example,Plant Supervisor,Finance,City Power Utility,Jamie Walker,Singapore - Regional Office,false,false,Enrolled,Okta,11,2025-05-09 17:49:01,2026-07-10 05:56:38,ServiceNow,IT Service Management,ServiceNow IT Service Management,synthetic-servicenow,synthetic-demo,Identity,Identity,identity,rjensen2,rjensen2,rjensen2,E100043,rjensen2@northwind.example,Finance,Plant Supervisor,low,low,Jamie Walker,Jamie Walker,failure,inactive
45bd7621fd01a06efcf08a9e9c9ffed2,cfoster,E100044,Cameron Foster,Cameron,Foster,cfoster@northwind.example,Claims Specialist,Customer Support,City Power Utility,Rowan Diaz,Dallas - SOC,true,false,Enrolled,PingFederate,22,2025-04-09 23:40:40,2026-06-21 18:13:43,ServiceNow,IT Service Management,ServiceNow IT Service Management,synthetic-servicenow,synthetic-demo,Identity,Identity,identity,cfoster,cfoster,cfoster,E100044,cfoster@northwind.example,Customer Support,Claims Specialist,low,low,Rowan Diaz,Rowan Diaz,success,active
d9d383c6d2b38eee32b5bc987c9f12f4,dreed,E100045,Drew Reed,Drew,Reed,dreed@northwind.example,Network Engineer,Infrastructure,Contoso Health,Casey Ortiz,Remote,false,false,Enrolled,Entra ID,77,2025-05-28 21:01:19,2026-07-10 15:04:42,ServiceNow,IT Service Management,ServiceNow IT Service Management,synthetic-servicenow,synthetic-demo,Identity,Identity,identity,dreed,dreed,dreed,E100045,dreed@northwind.example,Infrastructure,Network Engineer,high,high,Casey Ortiz,Casey Ortiz,failure,inactive
b307b97b0023c1374eb05b599b4efaac,msingh,E100046,Morgan Singh,Morgan,Singh,msingh@northwind.example,Finance Manager,Engineering,City Power Utility,Parker Vasquez,Chicago - Data Center,true,false,Enrolled,PingFederate,77,2025-03-05 14:15:12,2026-06-12 22:28:20,ServiceNow,IT Service Management,ServiceNow IT Service Management,synthetic-servicenow,synthetic-demo,Identity,Identity,identity,msingh,msingh,msingh,E100046,msingh@northwind.example,Engineering,Finance Manager,high,high,Parker Vasquez,Parker Vasquez,success,active
1ff27a9ad85f06731e04d1f1d1cf6db8,cevans,E100047,Casey Evans,Casey,Evans,cevans@northwind.example,Executive Assistant,Customer Support,City Power Utility,Alex Hughes,Chicago - Data Center,true,false,Enrolled,Entra ID,41,2024-12-21 10:06:21,2026-07-13 05:44:25,ServiceNow,IT Service Management,ServiceNow IT Service Management,synthetic-servicenow,synthetic-demo,Identity,Identity,identity,cevans,cevans,cevans,E100047,cevans@northwind.example,Customer Support,Executive Assistant,medium,medium,Alex Hughes,Alex Hughes,success,active
16d53cb13e52de306ccf7ea7253444a7,csingh,E100048,Cameron Singh,Cameron,Singh,csingh@northwind.example,Threat Hunter,Infrastructure,City Power Utility,Cameron Ibrahim,Remote,true,false,Pending,Entra ID,82,2024-11-15 12:59:16,2026-07-10 11:54:21,ServiceNow,IT Service Management,ServiceNow IT Service Management,synthetic-servicenow,synthetic-demo,Identity,Identity,identity,csingh,csingh,csingh,E100048,csingh@northwind.example,Infrastructure,Threat Hunter,high,high,Cameron Ibrahim,Cameron Ibrahim,success,active
698c625db30355c4d8c11cc85b104f21,ppatel,E100049,Parker Patel,Parker,Patel,ppatel@northwind.example,Plant Supervisor,Claims,Northwind Financial,Jordan Lewis,New York - HQ,true,false,Enrolled,Entra ID,50,2025-07-23 17:06:39,2026-06-27 01:26:01,ServiceNow,IT Service Management,ServiceNow IT Service Management,synthetic-servicenow,synthetic-demo,Identity,Identity,identity,ppatel,ppatel,ppatel,E100049,ppatel@northwind.example,Claims,Plant Supervisor,medium,medium,Jordan Lewis,Jordan Lewis,success,active
d1341ca6213a07a8e3645890ce53083e,tmorris,E100050,Taylor Morris,Taylor,Morris,tmorris@northwind.example,Service Desk Analyst,Retail Operations,Apex Manufacturing,Hayden Vasquez,Chicago - Data Center,true,false,Enrolled,Entra ID,15,2025-09-17 06:27:34,2026-06-29 20:58:48,ServiceNow,IT Service Management,ServiceNow IT Service Management,synthetic-servicenow,synthetic-demo,Identity,Identity,identity,tmorris,tmorris,tmorris,E100050,tmorris@northwind.example,Retail Operations,Service Desk Analyst,low,low,Hayden Vasquez,Hayden Vasquez,success,active
c1e137d4de99f10c7411d3349a74a25f,qlewis,E100051,Quinn Lewis,Quinn,Lewis,qlewis@northwind.example,Threat Hunter,Engineering,Contoso Health,Drew Foster,Singapore - Regional Office,true,false,Pending,Entra ID,77,2025-07-04 00:05:37,2026-07-04 07:21:33,ServiceNow,IT Service Management,ServiceNow IT Service Management,synthetic-servicenow,synthetic-demo,Identity,Identity,identity,qlewis,qlewis,qlewis,E100051,qlewis@northwind.example,Engineering,Threat Hunter,high,high,Drew Foster,Drew Foster,success,active
c8ae544f9212b35de492a82d76c650eb,hortiz,E100052,Hayden Ortiz,Hayden,Ortiz,hortiz@northwind.example,Service Desk Analyst,Legal,Northwind Financial,Casey Lewis,New York - HQ,true,false,Enrolled,PingFederate,71,2025-08-07 15:03:56,2026-06-28 00:25:28,ServiceNow,IT Service Management,ServiceNow IT Service Management,synthetic-servicenow,synthetic-demo,Identity,Identity,identity,hortiz,hortiz,hortiz,E100052,hortiz@northwind.example,Legal,Service Desk Analyst,high,high,Casey Lewis,Casey Lewis,success,active
6a6de603bc89bfab7aba2db8be9ae31f,chughes,E100053,Cameron Hughes,Cameron,Hughes,chughes@northwind.example,Executive Assistant,Manufacturing,Northwind Financial,Avery Reed,Chicago - Data Center,true,true,Enrolled,PingFederate,68,2025-10-18 19:50:17,2026-07-10 05:56:46,ServiceNow,IT Service Management,ServiceNow IT Service Management,synthetic-servicenow,synthetic-demo,Identity,Identity,identity,chughes,chughes,chughes,E100053,chughes@northwind.example,Manufacturing,Executive Assistant,critical,critical,Avery Reed,Avery Reed,success,active
1f1e73741691514a18bc71e5ec4a60f4,cmorris,E100054,Casey Morris,Casey,Morris,cmorris@northwind.example,Service Desk Analyst,Claims,City Power Utility,Hayden Vasquez,Dallas - SOC,true,false,Enrolled,Entra ID,75,2024-11-16 22:55:47,2026-06-03 02:41:04,ServiceNow,IT Service Management,ServiceNow IT Service Management,synthetic-servicenow,synthetic-demo,Identity,Identity,identity,cmorris,cmorris,cmorris,E100054,cmorris@northwind.example,Claims,Service Desk Analyst,high,high,Hayden Vasquez,Hayden Vasquez,success,active
e2fe30a641112f1dad0d93a8cc91cdc0,avasquez,E100055,Alex Vasquez,Alex,Vasquez,avasquez@northwind.example,Plant Supervisor,Security,Northwind Financial,Kai Diaz,New York - HQ,true,false,Enrolled,Entra ID,20,2024-08-31 07:45:03,2026-06-01 15:56:27,ServiceNow,IT Service Management,ServiceNow IT Service Management,synthetic-servicenow,synthetic-demo,Identity,Identity,identity,avasquez,avasquez,avasquez,E100055,avasquez@northwind.example,Security,Plant Supervisor,low,low,Kai Diaz,Kai Diaz,success,active
d76ec34d255e4ea570ef60e5df0e005c,pcarter,E100056,Parker Carter,Parker,Carter,pcarter@northwind.example,Systems Engineer,Engineering,Contoso Health,Kai Diaz,Singapore - Regional Office,true,false,Enrolled,Entra ID,15,2025-05-28 23:53:31,2026-06-30 06:35:22,ServiceNow,IT Service Management,ServiceNow IT Service Management,synthetic-servicenow,synthetic-demo,Identity,Identity,identity,pcarter,pcarter,pcarter,E100056,pcarter@northwind.example,Engineering,Systems Engineer,low,low,Kai Diaz,Kai Diaz,success,active
468c06fd2c09f2eb5d42c4f15785760c,jkim2,E100057,Jordan Kim,Jordan,Kim,jkim2@northwind.example,Systems Engineer,Retail Operations,Apex Manufacturing,Jamie Kim,Chicago - Data Center,true,false,Enrolled,Okta,22,2025-01-14 11:52:49,2026-06-02 15:15:07,ServiceNow,IT Service Management,ServiceNow IT Service Management,synthetic-servicenow,synthetic-demo,Identity,Identity,identity,jkim2,jkim2,jkim2,E100057,jkim2@northwind.example,Retail Operations,Systems Engineer,low,low,Jamie Kim,Jamie Kim,success,active
b6d7102190710182fb1216c49e765fe8,hfoster,E100058,Harper Foster,Harper,Foster,hfoster@northwind.example,Finance Manager,Retail Operations,Apex Manufacturing,Parker Vasquez,Remote,true,false,Enrolled,Entra ID,21,2025-09-06 23:30:55,2026-07-11 15:33:05,ServiceNow,IT Service Management,ServiceNow IT Service Management,synthetic-servicenow,synthetic-demo,Identity,Identity,identity,hfoster,hfoster,hfoster,E100058,hfoster@northwind.example,Retail Operations,Finance Manager,low,low,Parker Vasquez,Parker Vasquez,success,active
e9813948d176076f56a7ee7d392838a6,rlewis,E100059,Riley Lewis,Riley,Lewis,rlewis@northwind.example,Cloud Engineer,Manufacturing,City Power Utility,Casey Lewis,Singapore - Regional Office,true,false,Enrolled,PingFederate,27,2025-05-24 03:55:10,2026-06-07 23:32:20,ServiceNow,IT Service Management,ServiceNow IT Service Management,synthetic-servicenow,synthetic-demo,Identity,Identity,identity,rlewis,rlewis,rlewis,E100059,rlewis@northwind.example,Manufacturing,Cloud Engineer,low,low,Casey Lewis,Casey Lewis,success,active
f08b816b2ec30c43da7af6e388e2e55d,dpatel,E100060,Drew Patel,Drew,Patel,dpatel@northwind.example,Application Owner,Legal,Northwind Financial,Casey Ortiz,Remote,true,false,Pending,Entra ID,84,2025-08-17 07:41:33,2026-06-26 07:19:50,ServiceNow,IT Service Management,ServiceNow IT Service Management,synthetic-servicenow,synthetic-demo,Identity,Identity,identity,dpatel,dpatel,dpatel,E100060,dpatel@northwind.example,Legal,Application Owner,high,high,Casey Ortiz,Casey Ortiz,success,active
59f99911c9e0f2140aa4fc9ba9833b34,pevans,E100061,Parker Evans,Parker,Evans,pevans@northwind.example,Security Analyst,Manufacturing,City Power Utility,Alex Hughes,Singapore - Regional Office,true,false,Enrolled,Okta,14,2024-08-04 13:03:08,2026-06-29 20:54:17,ServiceNow,IT Service Management,ServiceNow IT Service Management,synthetic-servicenow,synthetic-demo,Identity,Identity,identity,pevans,pevans,pevans,E100061,pevans@northwind.example,Manufacturing,Security Analyst,low,low,Alex Hughes,Alex Hughes,success,active
809cad85939c60663277685cf83916fb,rhughes2,E100062,Rowan Hughes,Rowan,Hughes,rhughes2@northwind.example,Plant Supervisor,Security,City Power Utility,Avery Reed,Dallas - SOC,true,false,Enrolled,PingFederate,25,2025-02-12 15:09:55,2026-07-09 20:36:53,ServiceNow,IT Service Management,ServiceNow IT Service Management,synthetic-servicenow,synthetic-demo,Identity,Identity,identity,rhughes2,rhughes2,rhughes2,E100062,rhughes2@northwind.example,Security,Plant Supervisor,low,low,Avery Reed,Avery Reed,success,active
78942450b0cf1c9b82d09675becc6635,eibrahim,E100063,Emerson Ibrahim,Emerson,Ibrahim,eibrahim@northwind.example,Database Administrator,Manufacturing,City Power Utility,Alex Hughes,Singapore - Regional Office,true,false,Enrolled,Okta,39,2025-07-04 14:06:43,2026-06-02 22:52:10,ServiceNow,IT Service Management,ServiceNow IT Service Management,synthetic-servicenow,synthetic-demo,Identity,Identity,identity,eibrahim,eibrahim,eibrahim,E100063,eibrahim@northwind.example,Manufacturing,Database Administrator,low,low,Alex Hughes,Alex Hughes,success,active
8b311d58287eda469e9aa40f2b32f5a9,klewis,E100064,Kai Lewis,Kai,Lewis,klewis@northwind.example,Threat Hunter,Legal,Apex Manufacturing,Jordan Lewis,Chicago - Data Center,true,false,Enrolled,Okta,10,2025-02-26 21:39:37,2026-06-17 23:23:43,ServiceNow,IT Service Management,ServiceNow IT Service Management,synthetic-servicenow,synthetic-demo,Identity,Identity,identity,klewis,klewis,klewis,E100064,klewis@northwind.example,Legal,Threat Hunter,low,low,Jordan Lewis,Jordan Lewis,success,active
75a4e1d19d81282ea76f1758fd81ddb2,soc_automation,SVC1001,SOC Automation,SOC,Automation,soc_automation@northwind.example,Automation Integration,Security,Northwind Financial,Jordan Bennett,Dallas - SOC,true,false,Non-interactive,Okta,10,2025-09-17 22:00:00,2025-09-17 22:00:00,ServiceNow,IT Service Management,ServiceNow IT Service Management,synthetic-servicenow,synthetic-demo,Identity,Identity,identity,soc_automation,soc_automation,soc_automation,SVC1001,soc_automation@northwind.example,Security,Automation Integration,low,low,Jordan Bennett,Jordan Bennett,success,active
